"","baseMean","log2FoldChange","lfcSE","stat","pvalue","padj","FoldChange","CommonGeneName"
"ENSG00000164326",1970.40310224301,-6.78111315968905,0.722321674005783,-9.3879408630825,6.11846672082345e-21,1.39323605699871e-17,0.00909246284272656,"CARTPT"
"ENSG00000176566",11.9549306981843,-5.15748463762549,0.896695107353246,-5.75165917080635,8.83718227935793e-09,9.53703685702652e-07,0.0280183413413633,"DCAF4L2"
"ENSG00000135413",104.372527449132,-4.62839727176919,0.637457084873626,-7.26071979055147,3.85035843210394e-13,2.02955702238481e-10,0.04043091679668,"LACRT"
"ENSG00000198077",232.266427034081,-4.43094501174716,0.405397125362769,-10.9298875954834,8.29511114014855e-28,9.44439878861613e-24,0.0463609836955478,"CYP2A7"
"ENSG00000214415",6.58910071182618,-4.35590443453664,0.805986907280605,-5.40443572369362,6.50127310526331e-08,4.86975295657733e-06,0.0488362273608196,"GNAT3"
"ENSG00000096006",4345.65126092449,-4.19220888029917,0.419706226831472,-9.98843622585209,1.71262111020161e-23,5.57115647148584e-20,0.0547040372199282,"CRISP3"
"ENSG00000265933",56.114950137411,-4.13439053761268,0.53970467627845,-7.66046825112115,1.85256384482744e-14,1.3607977842118e-11,0.0569409140453582,"LINC00668"
"ENSG00000206737",3.68113685318822,-3.9068914008485,1.51371593897267,-2.58099376525032,0.00985163609704268,0.043024857223966,0.0666666294566888,"RNVU1-18"
"ENSG00000236117",10.9558188965467,-3.82547995932126,0.659644733445997,-5.79930342100494,6.65909486349431e-09,7.65829541094085e-07,0.0705368050393899,"LINC01639"
"ENSG00000109424",43.7541908433342,-3.71254918300925,0.359715639827312,-10.3207889008983,5.67548908863334e-25,4.30788540124232e-21,0.0762801143710324,"UCP1"
"ENSG00000113327",7.8588425091948,-3.59528035363073,0.694489252884993,-5.17686967609001,2.25639714833929e-07,1.28130721857441e-05,0.0827394768785969,"GABRG2"
"ENSG00000063015",60.4887916790322,-3.45392511298944,0.338076429765813,-10.2164031825052,1.67438807930776e-24,9.53187273847927e-21,0.0912567374721662,"SEZ6"
"ENSG00000099399",6.93252065250541,-3.32908553411371,0.614700881522914,-5.41578129165187,6.10216546623023e-08,4.64780257018985e-06,0.0995051127402281,"MAGEB2"
"ENSG00000149972",38.7184258062892,-3.27824177626627,0.402644759104592,-8.14177187741492,3.89534669763855e-16,3.41157460199721e-13,0.103074418243907,"CNTN5"
"ENSG00000255974",1199.26991347444,-3.24488297543116,0.369967258514449,-8.770730113958,1.77511458933435e-18,2.52632089460828e-15,0.105485530654416,"CYP2A6"
"ENSG00000238554",3.50874940206108,-3.18043651899242,0.767750892349002,-4.14253705295163,3.43484852688871e-05,0.000614414263988867,0.110304494445208,"RNU1-88P"
"ENSG00000271615",23.7792480209051,-3.16839029631463,0.394261067649067,-8.03627483486353,9.26108940696166e-16,7.27187127192841e-13,0.111229371393688,"ACTG1P22"
"ENSG00000124260",18.4027272964116,-3.1399485074238,0.631794305871528,-4.96989048214419,6.69907294394124e-07,3.0028462599702e-05,0.113443943376128,"MAGEA10"
"ENSG00000259517",13.7221321312872,-3.13802350408485,0.5560087805465,-5.64383803615564,1.66300527680766e-08,1.5778455482578e-06,0.113595413868345,"LINC02169"
"ENSG00000206702",3.75400884072815,-3.12786587366831,0.990375815503557,-3.15826156566429,0.00158713082545066,0.0110117477228327,0.114398031025186,"RNU1-11P"
"ENSG00000184330",615.17398560728,-3.06218292128172,0.606410289411112,-5.04968826346173,4.42531624030223e-07,2.22447850127863e-05,0.119726721000366,"S100A7A"
"ENSG00000205696",21.9607201058945,-3.04062312126476,0.671330292946583,-4.52925058382059,5.91932634779173e-06,0.000162788623509137,0.121529366763433,"ADARB2-AS1"
"ENSG00000200312",3.33573101115362,-3.03927895906035,0.988368525893578,-3.07504628024507,0.0021046989173881,0.0136541592728901,0.121642648711268,"RN7SKP255"
"ENSG00000126752",26.2840905806374,-3.02005381845067,0.840254660568987,-3.59421251695957,0.000325374183619577,0.00337270425201924,0.123274489331112,"SSX1"
"ENSG00000270722",5.19166936266818,-3.01797274361501,0.49513084120879,-6.09530348836091,1.09230021145576e-09,1.80237450109124e-07,0.123452440006875,"RF00003"
"ENSG00000138136",4.45016247895258,-3.01518814513078,0.613782340005303,-4.91247132510318,8.99355395267429e-07,3.75077320616019e-05,0.123690950182814,"LBX1"
"ENSG00000178597",19.218302062846,-2.98075391472718,0.601318155611197,-4.9570329565344,7.15778389286844e-07,3.14046044363213e-05,0.126678718685852,"PSAPL1"
"ENSG00000200959",14.2033492271267,-2.96540218134695,0.501361084963005,-5.91470353461072,3.32473878086657e-09,4.42734659526975e-07,0.128033905780793,"SNORA74A"
"ENSG00000239002",40.5634791194869,-2.96045813860792,0.364599141906226,-8.11976167340882,4.67100027639053e-16,3.93938323309958e-13,0.12847342415613,"SCARNA10"
"ENSG00000250431",12.9382786118737,-2.90303293574596,0.68732004698807,-4.22369891358101,2.40325065655188e-05,0.00047339464273653,0.133690333891477,"AC105914.2"
"ENSG00000161634",989.814689144947,-2.902198260218,0.589839868104273,-4.92031552486538,8.64048056812361e-07,3.6435626484582e-05,0.133767703212703,"DCD"
"ENSG00000237223",85.6771717007395,-2.85529659143884,0.415743984566763,-6.867920396766,6.51445524909579e-12,2.21403970861433e-09,0.138187919862106,"SULT1C2P1"
"ENSG00000229453",234.263166609837,-2.84382028322841,0.293216836113499,-9.69869370709539,3.05383275672144e-22,8.69235321291298e-19,0.139291556845124,"SPINK8"
"ENSG00000255065",11.2246666871349,-2.80734766575725,0.674966500330647,-4.15923999840291,3.19308258669544e-05,0.000582609644083668,0.142857861385254,"AP002001.2"
"ENSG00000212402",14.8586461662716,-2.80656832487225,0.411711231838118,-6.81683691829852,9.30668079888897e-12,3.02683044413049e-09,0.142935053754981,"SNORA74B"
"ENSG00000144355",229.168755485686,-2.79313035658462,0.337467507683646,-8.27673862813186,1.26594676194681e-16,1.27357327391452e-13,0.144272640658776,"DLX1"
"ENSG00000236318",27.1565384658185,-2.7790874544559,0.377595349543974,-7.35996208060357,1.83962478390169e-13,1.04725239885563e-10,0.145683818319512,"AC019117.2"
"ENSG00000270816",8.67918290705224,-2.77319211655486,0.562052850861122,-4.93404154485836,8.05452957160164e-07,3.43463844335095e-05,0.14628034945747,"LINC00221"
"ENSG00000230500",8.03224693202625,-2.76617258793266,0.534080527477442,-5.17931743551443,2.22699236406531e-07,1.26988638779582e-05,0.146993820534431,"MKX-AS1"
"ENSG00000186474",58.314536184822,-2.73778419598813,0.444839489025315,-6.15454397267398,7.52938316871958e-10,1.35001247350326e-07,0.149914912410393,"KLK12"
"ENSG00000137558",4138.52234171287,-2.72981477564065,0.304335272307565,-8.96976139158091,2.97157461670121e-19,4.51104837312688e-16,0.150745331071741,"PI15"
"ENSG00000176840",6.50628986210196,-2.72810780793356,0.487233602137471,-5.59917829140986,2.15370208856615e-08,1.9384170062743e-06,0.15092379546739,"MIR7-3HG"
"ENSG00000046774",44.7997101003318,-2.72546022993413,0.673927082958204,-4.04414705812195,5.25139513168042e-05,0.000859665841434183,0.151201019262231,"MAGEC2"
"ENSG00000273768",4.64371687273978,-2.71802072667371,0.452658280467692,-6.00457529212858,1.91833379632616e-09,2.76470752380651e-07,0.151982726901771,"RF00003"
"ENSG00000266019",5.5824030556919,-2.71738112519705,0.495410886001929,-5.48510580202807,4.1322202629604e-08,3.34856895401677e-06,0.152050121552105,"MIR3609"
"ENSG00000075388",4.22623941303863,-2.71501497230415,0.759985333989928,-3.57245706052024,0.000353647483797909,0.00358863941780846,0.1522997023833,"FGF4"
"ENSG00000253706",21.6255506431048,-2.69579386277627,0.372538573141313,-7.23628117229538,4.61154772979153e-13,2.23424581606559e-10,0.154342377255361,"AC011632.1"
"ENSG00000171401",140.293170655507,-2.69491862741248,0.384475634996055,-7.00933526630402,2.39453038477888e-12,9.40100886065515e-10,0.154436040078923,"KRT13"
"ENSG00000234722",23.1121000293136,-2.67364471208966,0.323105663961648,-8.27483083802276,1.28638115585763e-16,1.27357327391452e-13,0.156730220254736,"LINC01287"
"ENSG00000148704",15.2444604846586,-2.64842548391133,0.53060497816674,-4.99133176824262,5.99643973949113e-07,2.76967402247368e-05,0.159494050706884,"VAX1"
"ENSG00000170516",13.692361448807,-2.64642975539282,1.02850726417837,-2.57307833164109,0.0100798391305257,0.0437402492483847,0.159714836860796,"COX7B2"
"ENSG00000203858",53.2866888047821,-2.6393645186567,0.695596487202948,-3.79439023516321,0.000148006739161452,0.00188282762985778,0.160498918528196,"HSD3BP2"
"ENSG00000251350",24.4005569407806,-2.63361174590098,0.420495687250728,-6.26311238319705,3.7736844264637e-10,7.22105614075672e-08,0.161140188577783,"LINC02475"
"ENSG00000198930",84.1092990132022,-2.60038189516928,0.495862319243542,-5.24416111943385,1.56994966727269e-07,9.69906640091918e-06,0.164894833830031,"CSAG1"
"ENSG00000167759",74.0019002481813,-2.58540499810552,0.343084728233414,-7.53576240894803,4.85489836366926e-14,3.08104289220324e-11,0.166615555203019,"KLK13"
"ENSG00000231322",2.44832914142569,-2.56964326588011,0.569002553997035,-4.51604873797016,6.30041695368346e-06,0.000170388116926753,0.168445843436344,"RPL13AP17"
"ENSG00000200176",1.19404887167968,-2.55610196741104,1.00084643950787,-2.55394021151529,0.0106511544173549,0.0454615627436905,0.170034338367065,"RNU1-19P"
"ENSG00000172551",23797.6388350293,-2.55072739099987,0.393326481426491,-6.48501311620071,8.87240663083426e-11,1.98072128814438e-08,0.170668960981763,"MUCL1"
"ENSG00000213401",114.731805099133,-2.50700107929896,0.69238872440414,-3.62079997974613,0.000293693508886437,0.00314419129800332,0.175920915306896,"MAGEA12"
"ENSG00000163216",22.6440025358895,-2.49435432828236,0.842254950324428,-2.96151934437614,0.00306125262743635,0.0181319697131442,0.177469827582522,"SPRR2D"
"ENSG00000248498",14.6103966360339,-2.46689559315461,0.572527618836424,-4.30878006927981,1.64157506025735e-05,0.000356002911401143,0.180879950417461,"ASNSP1"
"ENSG00000224604",10.6391872873929,-2.45871499626793,0.495332910184771,-4.96376264470448,6.91404330865895e-07,3.0584114103538e-05,0.181908517847825,"AC008069.1"
"ENSG00000161798",1089.46085698171,-2.4583777188976,0.326246839613014,-7.53533037075139,4.87100013698637e-14,3.08104289220324e-11,0.181951049912518,"AQP5"
"ENSG00000125820",65.5759558572023,-2.45610623662897,0.497186291914722,-4.94001197653744,7.81177726003014e-07,3.36260831735626e-05,0.182237752303644,"NKX2-2"
"ENSG00000279127",11.9466526906671,-2.4504527419943,0.434769072486898,-5.63621678050281,1.73826540670198e-08,1.63562155272772e-06,0.182953289161049,"AL121950.1"
"ENSG00000233559",30.6892437458564,-2.44498500010379,0.269408937597037,-9.07536706804001,1.13294970443618e-19,1.84274269426544e-16,0.183647988562933,"LINC00513"
"ENSG00000144406",52.0629666771147,-2.40002729238039,0.329307111378081,-7.28811255346652,3.14327335478827e-13,1.70417803718771e-10,0.189460986625818,"UNC80"
"ENSG00000159763",23797.7649351126,-2.39963567978603,0.344305049755919,-6.96950475018346,3.1805863536943e-12,1.16814728806408e-09,0.189512421875326,"PIP"
"ENSG00000252213",4.03487782864172,-2.39061757570598,0.568899659419764,-4.20217789925246,2.64359247767887e-05,0.000507993622862663,0.190700750211101,"SNORA74D"
"ENSG00000145920",136.068497550336,-2.36614884649889,0.542585990233483,-4.36087346354207,1.2954426968624e-05,0.000297664234614063,0.193962700913572,"CPLX2"
"ENSG00000196344",4.69878159419549,-2.33960110378743,0.778650999320768,-3.0046851616813,0.00265855884537796,0.0162039730910336,0.197564945894427,"ADH7"
"ENSG00000174343",97.5815778311187,-2.32207465652441,0.34619185927282,-6.70747908804659,1.98015325777097e-11,5.566675287988e-09,0.199979683274894,"CHRNA9"
"ENSG00000170367",269.797362259677,-2.32077808871086,0.43722793899518,-5.30793639135775,1.10873317739472e-07,7.55897101271115e-06,0.200159488265254,"CST5"
"ENSG00000206585",8.02267651893028,-2.31072571139039,0.403932407509752,-5.72057519632068,1.06164029064297e-08,1.10001705015273e-06,0.201559025111486,"RNVU1-7"
"ENSG00000200156",2.87248554821003,-2.29661112464256,0.476514546463872,-4.81960339235243,1.43843891464523e-06,5.37491353450655e-05,0.203540652820945,"RNU5B-1"
"ENSG00000197172",236.166067271894,-2.2829139367611,0.848168312053756,-2.69158126319675,0.00711141708834778,0.0337601876357687,0.205482304400459,"MAGEA6"
"ENSG00000155511",110.508608998918,-2.27425935891673,0.343736623272241,-6.61628469281701,3.68338696310872e-11,9.75283773685449e-09,0.206718676147177,"GRIA1"
"ENSG00000178171",12.4795784497544,-2.27002688366443,0.476598858674336,-4.76297171583359,1.90762588182771e-06,6.70347977702141e-05,0.207326023034797,"AMER3"
"ENSG00000225154",24.6994337736866,-2.25945932351657,0.337872690960805,-6.6873096996723,2.27310505783115e-11,6.23625003275581e-09,0.208850235656774,"AL450996.1"
"ENSG00000238741",21.0201924187328,-2.25830182058908,0.317753573297603,-7.10708552276136,1.18518999759142e-12,4.90690207911896e-10,0.20901786759324,"SCARNA7"
"ENSG00000265766",121.383176570609,-2.25020088845058,0.412934684152375,-5.4492901052125,5.05712660334363e-08,3.97089068568061e-06,0.210194833140725,"CXADRP3"
"ENSG00000184937",333.553375958219,-2.24088400619384,0.306587135523757,-7.30912600871408,2.68885530313376e-13,1.49336400262583e-10,0.211556657786546,"WT1"
"ENSG00000228723",14.7030966447982,-2.23954890882637,0.444957546614154,-5.03317434633466,4.8242400328213e-07,2.35735557483635e-05,0.21175252694871,"SRGAP3-AS2"
"ENSG00000160716",229.706118076701,-2.23429869100383,0.276463094406283,-8.08172496152547,6.3856996950594e-16,5.19317027700706e-13,0.21252453505545,"CHRNB2"
"ENSG00000236452",21.7659805988025,-2.2331101827918,0.434533395571947,-5.13909910158345,2.76058786560722e-07,1.51473123584921e-05,0.212699687266166,"AC123023.1"
"ENSG00000257588",60.7741182647651,-2.23239174223785,0.339584551644832,-6.5738907480476,4.90172036745658e-11,1.21322907051471e-08,0.212805634907348,"AC025154.2"
"ENSG00000259001",7.51134430935285,-2.23045620139965,0.41514227054088,-5.37275136664266,7.7544219138829e-08,5.60558544130246e-06,0.213091329673324,"AL355075.4"
"ENSG00000254842",17.9670831222975,-2.22478853559915,0.255986250170118,-8.69104701569187,3.59114377706856e-18,4.81023146750754e-15,0.213930111132636,"LINC02551"
"ENSG00000156959",16.5943909204,-2.21569665483909,0.325061256461172,-6.81624343350115,9.34518921297995e-12,3.02683044413049e-09,0.215282558248938,"LHFPL4"
"ENSG00000004848",71.3897963385453,-2.19126925216318,0.333024484840038,-6.57990433711117,4.70751048363287e-11,1.19105245803116e-08,0.218958710387445,"ARX"
"ENSG00000077080",6.27565245385585,-2.18601909611221,0.415855644886681,-5.25667770292715,1.46681040255507e-07,9.20130569602794e-06,0.219756981413797,"ACTL6B"
"ENSG00000226876",14.7489030891379,-2.17979709211168,0.353053805655555,-6.1741214998779,6.65323636173069e-10,1.22629020494049e-07,0.220706788202866,"AC092801.1"
"ENSG00000111218",15.2445686959456,-2.17244117370098,0.301663753736466,-7.20153199313046,5.95397522672252e-13,2.76689734464691e-10,0.221834987180626,"PRMT8"
"ENSG00000162365",17.593592810157,-2.16831208007725,0.304432307601599,-7.12247690516098,1.06004520629335e-12,4.47005359120479e-10,0.222470803796124,"CYP4A22"
"ENSG00000114200",112.953293496491,-2.16485299922238,0.23258983825135,-9.30759922917578,1.30754327752786e-20,2.70673345205336e-17,0.223004851369665,"BCHE"
"ENSG00000159527",11.1034336819478,-2.1522527474769,0.507276153318647,-4.24276349951927,2.20784072073326e-05,0.000442559340244869,0.224961067796282,"PGLYRP3"
"ENSG00000259974",1.11438387953412,-2.13587212102903,0.73802087252764,-2.89405381410677,0.00380302977711324,0.0212982762062581,0.227529873135051,"LINC00261"
"ENSG00000230316",18.1405561965845,-2.13121896011353,0.363489593594293,-5.86321863863943,4.53979807590459e-09,5.71136696057588e-07,0.228264915745726,"FEZF1-AS1"
"ENSG00000258616",75.3266196632952,-2.12934909858626,0.500752683712041,-4.25229692789973,2.11589057030194e-05,0.000427894708493298,0.22856095925615,"LINC02303"
"ENSG00000167757",907.074863645998,-2.12584881267164,0.40096549519867,-5.30182481566981,1.14650834921524e-07,7.67857106470007e-06,0.229116170155983,"KLK11"
"ENSG00000150051",621.173691539141,-2.10933108737215,0.297608721997002,-7.08759835134602,1.36459322265025e-12,5.5487771916016e-10,0.231754444649966,"MKX"
"ENSG00000122852",5.74362310975035,-2.10909104571123,0.457708576125653,-4.60793429645555,4.06689122076192e-06,0.000121035596849981,0.231793008136036,"SFTPA1"
"ENSG00000183206",54.6636269404852,-2.10869965067005,0.52027006927103,-4.05308660870042,5.0546278838909e-05,0.000833630169887046,0.231855900804809,"POTEC"
"ENSG00000225708",21.6480044935822,-2.10084010203261,0.511129563594792,-4.11019094113307,3.95332080849389e-05,0.000687183726184843,0.233122457798065,"AL354984.2"
"ENSG00000255545",31.5488541548944,-2.0915810002239,0.342781154841865,-6.10179693568281,1.04882572323613e-09,1.74327084261386e-07,0.234623430565193,"AP004608.1"
"ENSG00000198183",7.21783283595746,-2.08881740162014,0.667391143530681,-3.12982487386591,0.0017491054452948,0.0118397384348418,0.23507330139684,"BPIFA1"
"ENSG00000234593",13.3257920169242,-2.0862539643828,0.434094694573055,-4.80598816448263,1.53989008918271e-06,5.66475560917277e-05,0.235491360177283,"KAZN-AS1"
"ENSG00000277200",68.5640504818522,-2.06814777475417,0.330739308295511,-6.2531054606497,4.02370226686441e-10,7.5722086213859e-08,0.238465460451222,"AC005696.4"
"ENSG00000257986",33.7149559849441,-2.05867807719918,0.409577291989405,-5.02634818253654,4.99907895958888e-07,2.42200057422975e-05,0.240035870860148,"LINC02306"
"ENSG00000142515",40.0543721238209,-2.0566833630928,0.418256752518912,-4.91727473784132,8.77573488482219e-07,3.68015210059459e-05,0.240367981306522,"KLK3"
"ENSG00000278041",16.7378220253375,-2.05611119168418,0.480338926590808,-4.28054250418006,1.86438273995756e-05,0.000390200913341669,0.240463329913554,"AL133325.3"
"ENSG00000207445",20.1433906128972,-2.0452887850362,0.300123316487125,-6.81482801461694,9.4376602491443e-12,3.02683044413049e-09,0.242273953273185,"SNORD15B"
"ENSG00000214107",12.2668419775594,-2.03844068450495,0.631302928961944,-3.22894222565509,0.00124248993008526,0.00919789928412594,0.243426698848074,"MAGEB1"
"ENSG00000228420",12.5949471631383,-2.03767534150894,0.399005429742023,-5.10688624670197,3.27510771008803e-07,1.74246443145828e-05,0.243555869836681,"LINC01768"
"ENSG00000167580",8.57090579315626,-2.03649297166124,0.369243157095032,-5.51531675680346,3.48152327575852e-08,2.94712886662815e-06,0.243755559407865,"AQP2"
"ENSG00000244588",18.2184636421764,-2.02910209383374,0.462664811501703,-4.3856849351645,1.15621375860435e-05,0.000272830502561448,0.24500751500718,"RAD21L1"
"ENSG00000183242",65.2026836011094,-2.01893339202072,0.317445504284533,-6.35993694908689,2.01836581582706e-10,3.99653982540852e-08,0.246740528004754,"WT1-AS"
"ENSG00000164287",410.828804566742,-2.00806573150859,0.383685106537883,-5.23362960222259,1.66213367015942e-07,1.01470364083646e-05,0.248606215010888,"CDC20B"
"ENSG00000271204",6.44946779317311,-2.00789366053272,0.336193047072557,-5.97244255351713,2.33727459708568e-09,3.26515827302074e-07,0.248635868169722,"AC016831.5"
"ENSG00000207392",3.42928443274294,-1.9948428655424,0.381521293431815,-5.22865407484501,1.70748504065144e-07,1.03683044961797e-05,0.250895262475388,"SNORA20"
"ENSG00000214617",14.5735686148805,-1.99246796098271,0.474595857701773,-4.19824136399171,2.68995842722002e-05,0.000512149191858087,0.251308615948446,"SLC6A10P"
"ENSG00000201998",12.7934388660787,-1.98805142497462,0.350015268682797,-5.67989914398935,1.3477418859191e-08,1.31714293923879e-06,0.25207912818378,"SNORA23"
"ENSG00000271338",5.90934473259048,-1.98189653885726,0.68851265906326,-2.87851866304635,0.00399547639037034,0.0221118765736172,0.253156856026649,"AL591034.2"
"ENSG00000259757",15.0046258641988,-1.9790933953356,0.303814912052535,-6.51414172518753,7.31064486429499e-11,1.73406973130064e-08,0.253649215697089,"AC091891.1"
"ENSG00000101441",324.55577011158,-1.96934754235223,0.351807863852539,-5.59779284290724,2.17097942156398e-08,1.94613709403831e-06,0.255368495507996,"CST4"
"ENSG00000199347",3.46885825740621,-1.9682098377617,0.417186752943294,-4.71781480086744,2.38391351896066e-06,8.01539963357572e-05,0.255569957694072,"RNU5E-1"
"ENSG00000261776",37.1268541026589,-1.96723169679406,0.58859360994636,-3.34225799184829,0.000830997839245494,0.00681406258460898,0.255743291767894,"AC079414.2"
"ENSG00000281560",9.66363400599083,-1.96439977889334,0.281008553270617,-6.99053376144597,2.73842385966785e-12,1.05689236794062e-09,0.256245792485655,"LSINCT5"
"ENSG00000166111",13.4513202968457,-1.96311286422995,0.432192609733312,-4.54221756693457,5.56655472311962e-06,0.000154958456723908,0.256474471160999,"SVOP"
"ENSG00000231324",25.4199810249222,-1.96309166698876,0.357540612102504,-5.49054177494654,4.00702698238042e-08,3.28215868402103e-06,0.256478239518836,"AP000696.1"
"ENSG00000233052",18.6672469768154,-1.96124236457406,0.541267030727493,-3.62342846180386,0.000290723638781084,0.00312414722920438,0.256807214067119,"AL513304.1"
"ENSG00000215148",14.3111259569994,-1.9581559544489,0.629786743026061,-3.10923654099189,0.00187571484610864,0.0124961681570333,0.257357199199416,"PRSS41"
"ENSG00000103310",47.6794655760008,-1.95389627551785,0.48366809491883,-4.03974604908715,5.35091072609814e-05,0.000873445076300938,0.258118190954954,"ZP2"
"ENSG00000280109",55.9692716229233,-1.95354755353534,0.2909262184239,-6.71492436851768,1.88163790462444e-11,5.3558470907754e-09,0.258180589704647,"PLAC4"
"ENSG00000203837",76.4961142027703,-1.94926893886897,0.712892716907329,-2.73430895370244,0.00625113593788409,0.0306446967581397,0.258947414910427,"PNLIPRP3"
"ENSG00000122787",35.0363876825691,-1.94872214288832,0.33417225080569,-5.83149001208195,5.49346006280032e-09,6.61860206825534e-07,0.259045577195133,"AKR1D1"
"ENSG00000252010",74.2775890222891,-1.94055840426999,0.374020662378755,-5.18837219293749,2.12140280924665e-07,1.22294843973052e-05,0.260515586482689,"SCARNA5"
"ENSG00000267313",12.8949412504286,-1.92809612195935,0.436190532573894,-4.42030713179846,9.85607184506196e-06,0.000243978201309581,0.26277571881885,"AC021504.1"
"ENSG00000120903",16.7272940609997,-1.91555720486684,0.401256004374745,-4.7739029048344,1.80689521202855e-06,6.45915398321856e-05,0.26506953909125,"CHRNA2"
"ENSG00000260903",27.7512445975852,-1.91490985872854,0.348993004549303,-5.48695771481579,4.08914967431205e-08,3.32550097263428e-06,0.265188504111952,"XKR7"
"ENSG00000212464",7.95155151513915,-1.90051618923139,0.307848719552579,-6.17353936697726,6.67779128771772e-10,1.22629020494049e-07,0.267847513956646,"SNORA12"
"ENSG00000186526",932.185788985778,-1.90005765768266,0.37923150704898,-5.01028427850868,5.43496907282638e-07,2.55174599499649e-05,0.267932657421734,"CYP4F8"
"ENSG00000106038",10.3248343230942,-1.89658076700245,0.32719429631857,-5.79649703048572,6.77143832714405e-09,7.74836292197976e-07,0.268579153028165,"EVX1"
"ENSG00000138039",4.19030479631629,-1.87768174441654,0.404907591312179,-4.63730931379074,3.52973993335854e-06,0.000109653080521838,0.272120633053648,"LHCGR"
"ENSG00000186191",3.98291700559461,-1.87701116682518,0.414255858279559,-4.53104314473807,5.86931490722085e-06,0.000162000205760395,0.272247146563972,"BPIFB4"
"ENSG00000122859",4.71154788885122,-1.86935905206922,0.376502388510066,-4.96506558555136,6.86778569282324e-07,3.05405979582034e-05,0.273694993125661,"NEUROG3"
"ENSG00000208892",1.54653255655883,-1.86881329218755,0.447263818735618,-4.17832432203112,2.93664699041099e-05,0.000546773414706857,0.273798549316992,"SNORA49"
"ENSG00000108231",33.0800689537573,-1.8667214732314,0.441884116832087,-4.22445931438795,2.3951511533205e-05,0.000472207678894035,0.27419582829614,"LGI1"
"ENSG00000204099",56.6570505123676,-1.85637998076708,0.30984805029735,-5.99125919619497,2.08222466370674e-09,2.92988998464285e-07,0.276168373676613,"NEU4"
"ENSG00000248779",489.580535329122,-1.85487150503592,0.426523169703859,-4.34881768867043,1.36873434732231e-05,0.00030950794263035,0.276457285156583,"AC093297.1"
"ENSG00000128683",156.715574353815,-1.84888577997884,0.280311034530125,-6.59583659657946,4.22864469036092e-11,1.08191537353043e-08,0.277606686015381,"GAD1"
"ENSG00000212899",3.49180695914751,-1.8488815853988,0.562195453429814,-3.28868114126366,0.00100657988602903,0.00785228865528164,0.277607493147259,"KRTAP3-3"
"ENSG00000154342",21.0323203129614,-1.84812579754391,0.285251021853194,-6.47894540582945,9.23659140115813e-11,2.04200410481332e-08,0.277752962101428,"WNT3A"
"ENSG00000118733",8.67996127854271,-1.84393465253496,0.540920755747371,-3.40888130644435,0.000652298540559841,0.0056779396280918,0.278561029955461,"OLFM3"
"ENSG00000171102",507.029828627407,-1.83773455542061,0.37696019509134,-4.87514220161977,1.08730102376458e-06,4.29842562710821e-05,0.279760744307963,"OBP2B"
"ENSG00000231131",26.3079042802071,-1.83500385210786,0.363586505377114,-5.04695258203983,4.4891270713699e-07,2.24451358430916e-05,0.28029077110799,"LNCAROD"
"ENSG00000169509",2.08969239356951,-1.83036538434079,0.701739275779908,-2.6083268352146,0.0090986034078685,0.0405766349785691,0.281193395672431,"CRCT1"
"ENSG00000214128",184.291772667554,-1.82448713461136,0.318182415045424,-5.73409166672801,9.80363026783919e-09,1.02402965517874e-06,0.282341453264845,"TMEM213"
"ENSG00000146857",23.2163949325948,-1.8146330594182,0.463092536218168,-3.91851070249879,8.90977739667332e-05,0.00127440038379176,0.284276538098143,"STRA8"
"ENSG00000067842",12.2571697597936,-1.81379083725909,0.336648935910816,-5.38778128720892,7.13327820479319e-08,5.23973800004341e-06,0.284442542619165,"ATP2B3"
"ENSG00000121005",2821.40196756096,-1.803945285088,0.242602448216536,-7.43580824657583,1.0393050931605e-13,6.22789902009412e-11,0.286390335781931,"CRISPLD1"
"ENSG00000267924",23.4171047906492,-1.80242232108496,0.277520449226852,-6.49473696841569,8.3178607835503e-11,1.89406007902224e-08,0.286692819990722,"AC139769.2"
"ENSG00000233823",54.5258026088539,-1.79581303088923,0.275637439335232,-6.51512739060511,7.26279940009672e-11,1.73406973130064e-08,0.288009233333692,"AL356311.1"
"ENSG00000186160",4758.15793238352,-1.7887747456079,0.336895623933759,-5.30958142086053,1.09877289802264e-07,7.51356085912117e-06,0.289417738798545,"CYP4Z1"
"ENSG00000198251",44.900147580226,-1.78765583621363,0.384896645423396,-4.64450874661991,3.40886607657956e-06,0.000106479135020293,0.289642289259455,"CYP2A7P2"
"ENSG00000276213",0.933785119530263,-1.77934693851956,0.643907747223919,-2.76335693457777,0.00572101662467444,0.028770598401162,0.291315235779913,"RF00017"
"ENSG00000163825",15.2841549771606,-1.76659950521575,0.516726205818682,-3.41883087275749,0.000628908036378039,0.00552715742816068,0.293900658142285,"RTP3"
"ENSG00000175766",22.8406183254048,-1.75985884921704,0.443422277145161,-3.96881018370876,7.22323894527927e-05,0.00108817034706397,0.29527705333944,"EIF4E1B"
"ENSG00000081051",113.047800342083,-1.7514172141169,0.343977102044455,-5.09166803170099,3.54927129337279e-07,1.84521590459798e-05,0.297009871324397,"AFP"
"ENSG00000178473",1.74266823479928,-1.75090026588989,0.613661145678642,-2.85320372361783,0.0043280865261109,0.023420831341747,0.297116315329133,"UCN3"
"ENSG00000250538",15.910737839561,-1.75032632545631,0.530324186179057,-3.30048368728432,0.000965183244643556,0.00760754159355432,0.297234539199381,"AC104407.1"
"ENSG00000253301",25.7416399626046,-1.74851656171056,0.494302964890265,-3.53733779868937,0.000404182361264282,0.00396537550553596,0.297607633868589,"LINC01606"
"ENSG00000179915",108.43501167943,-1.74804313907248,0.291773893709696,-5.99108822536301,2.08441516627351e-09,2.92988998464285e-07,0.297705310305394,"NRXN1"
"ENSG00000261121",28.5505692266283,-1.74480601851268,0.272776472093725,-6.39646815988282,1.5901197153378e-10,3.23291214624617e-08,0.298374051755927,"LINC02473"
"ENSG00000009765",203.574950843041,-1.74131799248402,0.296459150919551,-5.87371982643423,4.26123321359439e-09,5.42081237467922e-07,0.299096308051317,"IYD"
"ENSG00000108602",50.5792420799067,-1.73540060476042,0.255087685796618,-6.8031531955018,1.0235370271927e-11,3.23707800641737e-09,0.300325606970349,"ALDH3A1"
"ENSG00000233533",10.7493197177337,-1.72289145064926,0.591462376244091,-2.91293498935635,0.00358049134200164,0.0203472344269327,0.302940957732657,"MKNK2P1"
"ENSG00000237940",1130.80212213049,-1.72032284320505,0.260402325885908,-6.606403523288,3.93768675079982e-11,1.0189211932098e-08,0.303480801216121,"LINC01238"
"ENSG00000269353",51.8382366749905,-1.71590619041566,0.344162631220501,-4.98574230540532,6.17243687093276e-07,2.816684568898e-05,0.304411298016463,"AC092071.1"
"ENSG00000115474",24.98803173821,-1.71377326464409,0.293055590613628,-5.84794598545494,4.97680093176913e-09,6.15906163137581e-07,0.304861682112791,"KCNJ13"
"ENSG00000171346",11937.0076085428,-1.70857760356579,0.25519459187371,-6.69519518819319,2.15383949618478e-11,5.98110721556387e-09,0.30596157748762,"KRT15"
"ENSG00000161055",637.152188261041,-1.70760314882715,0.344837982617002,-4.95189983385247,7.34924327891874e-07,3.20593139280189e-05,0.306168306153828,"SCGB3A1"
"ENSG00000185028",61.695296538894,-1.70450257500624,0.252375219480457,-6.75384286347587,1.43979685522794e-11,4.31389660399939e-09,0.306827016575839,"LRRC14B"
"ENSG00000175426",567.060679469333,-1.70362297196422,0.321766085154028,-5.29460080029474,1.19276682127191e-07,7.96495404316205e-06,0.307014144319544,"PCSK1"
"ENSG00000200087",163.322561408282,-1.70328291550244,0.281966791197012,-6.04072170439512,1.53426408356416e-09,2.32911516312263e-07,0.30708651890039,"SNORA73B"
"ENSG00000188257",793.153679466812,-1.70301767885344,0.304866752165785,-5.58610496800695,2.32218908433497e-08,2.04955688524773e-06,0.307142981343695,"PLA2G2A"
"ENSG00000170091",81.2245715727397,-1.70184109565937,0.304892785806506,-5.5817689853095,2.38084481192391e-08,2.09321301978067e-06,0.307393572536174,"NSG2"
"ENSG00000099937",10.5682075352907,-1.68987711733653,0.280542407152074,-6.02360667854576,1.70572591951191e-09,2.55533453376354e-07,0.309953324374037,"SERPIND1"
"ENSG00000131050",4.66997387434033,-1.68592194213184,0.497821254304958,-3.386600968827,0.000707642314336508,0.00602382173448846,0.310804233017852,"BPIFA2"
"ENSG00000082293",20.1639657169794,-1.68255898116308,0.337235817233133,-4.98926536026843,6.06093427456467e-07,2.79183618974233e-05,0.31152957111282,"COL19A1"
"ENSG00000120057",14.4282083189769,-1.67962005662087,0.341071113040225,-4.92454503592857,8.45568538766411e-07,3.57225254104823e-05,0.312164837096725,"SFRP5"
"ENSG00000253802",346.730649340437,-1.67798813719033,0.531390686219974,-3.15772967179126,0.00159002929997304,0.0110284974686829,0.312518145370277,"SIRLNT"
"ENSG00000253364",49.479340425323,-1.6769317561294,0.29373515030517,-5.708992452511,1.13646930215558e-08,1.14722377343018e-06,0.312747063567315,"AL928742.1"
"ENSG00000259087",32.953671492956,-1.66474989165619,0.256266020817691,-6.49617880023393,8.23857363329212e-11,1.89406007902224e-08,0.315399025640775,"AL121790.2"
"ENSG00000132437",93.7183254540376,-1.66171329259712,0.367034799664108,-4.52739983815659,5.97138890404536e-06,0.000163824694860261,0.31606357982282,"DDC"
"ENSG00000148942",31.1675513564389,-1.65402566423839,0.374436464628478,-4.4173733610041,9.99075699660206e-06,0.000245679835388365,0.317752269750991,"SLC5A12"
"ENSG00000104899",137.72163530824,-1.65025503878961,0.22987547225546,-7.17890874827952,7.02700254446118e-13,3.07715144115241e-10,0.318583832786969,"AMH"
"ENSG00000250508",108.223141560716,-1.64225122266987,0.233646342631254,-7.02879062507609,2.0833131727827e-12,8.32265337849733e-10,0.320356191186327,"AP000808.1"
"ENSG00000204710",327.956713336017,-1.64055935294657,0.437425145909319,-3.75049164020092,0.000176488189392239,0.00213539455932555,0.320732097982762,"SPDYC"
"ENSG00000142025",23.44455461564,-1.63574627417685,0.401036161020145,-4.07879995164495,4.52687686973156e-05,0.000764167973759042,0.321803902288476,"DMRTC2"
"ENSG00000130234",269.356260416539,-1.63461607260703,0.288634345165193,-5.66327639100432,1.48509659629173e-08,1.42088800815794e-06,0.322056100961299,"ACE2"
"ENSG00000233125",56.7247915168069,-1.61020926346696,0.421358343739001,-3.82147235813221,0.000132657285075322,0.00173190773134548,0.327550836144707,"ACTBP12"
"ENSG00000204889",16.599410924434,-1.59872051515198,0.248577453296921,-6.43147837403555,1.26368764016333e-10,2.62595010145741e-08,0.33016966589141,"KRT40"
"ENSG00000086159",35.8725008237804,-1.5907192794979,0.260423792942566,-6.10819488313312,1.00764270275078e-09,1.68713470473074e-07,0.33200588522338,"AQP6"
"ENSG00000108309",297.691917227499,-1.58823212635162,0.283615938748053,-5.5999395991722,2.1442650487809e-08,1.93758172324563e-06,0.332578744801221,"RUNDC3A"
"ENSG00000169059",2.77244299410989,-1.58801245132414,0.531941416026898,-2.98531455434529,0.00283286848961052,0.0170158924761068,0.332629389466501,"VCX3A"
"ENSG00000187268",7.96456462214928,-1.58372228849605,0.383621307927574,-4.12834807600168,3.65378726805301e-05,0.000647978114336721,0.333620006403918,"FAM9C"
"ENSG00000249082",47.3170657695293,-1.58268275847957,0.335067023815276,-4.72348111269856,2.31841499883466e-06,7.89127472921734e-05,0.333860482025393,"C5orf66-AS1"
"ENSG00000205592",463.390168962663,-1.57478714853028,0.383189275020882,-4.10968482467174,3.96199499117397e-05,0.00068816619331825,0.335692649261053,"MUC19"
"ENSG00000104112",25.938587820048,-1.57366398746599,0.298817880784778,-5.2662979314796,1.39202309475028e-07,8.96162792632041e-06,0.335954093090305,"SCG3"
"ENSG00000201098",8.80605596134034,-1.57231020131099,0.474110507512927,-3.31633696447471,0.000912057859775692,0.00730255609175537,0.336269491316912,"RNY1"
"ENSG00000258752",10.5959219685169,-1.5709515655461,0.371708322036965,-4.22630184047878,2.37563283374737e-05,0.000469579299108172,0.336586317074407,"AL357093.2"
"ENSG00000133636",119.912056310185,-1.56488947819948,0.461033072301039,-3.39431067361185,0.000688015936329298,0.00590849094516535,0.338003601002644,"NTS"
"ENSG00000143355",17.3322602529054,-1.55990528617498,0.399403947113667,-3.90558305056271,9.39984674698252e-05,0.00132289190528763,0.339173348071864,"LHX9"
"ENSG00000238145",12.5870696952919,-1.55952437218589,0.338539865468384,-4.60661957795789,4.09267750795551e-06,0.000121505031986512,0.339262911650171,"AL731892.1"
"ENSG00000183036",77.5425271170705,-1.55270191647135,0.308130461734376,-5.03910553903579,4.67712533050755e-07,2.30525586365773e-05,0.340871073880348,"PCP4"
"ENSG00000238034",18.4409541668492,-1.55200436618273,0.499975047761482,-3.10416364402874,0.00190817757143906,0.012664270323299,0.341035926604677,"AL109807.1"
"ENSG00000156150",10.37320589861,-1.55200061086004,0.326092770095833,-4.75938368827966,1.94184987309233e-06,6.78188089880145e-05,0.341036814319394,"ALX3"
"ENSG00000207008",3.76359345650661,-1.54716274860611,0.353619426249056,-4.37521989393319,1.21310126385205e-05,0.000282780166256684,0.342182349936724,"SNORA54"
"ENSG00000124939",1224.9307603986,-1.54325495403552,0.32601689461803,-4.73366558455088,2.20500917453149e-06,7.57319214377927e-05,0.343110467743658,"SCGB2A1"
"ENSG00000257634",14.1826597479865,-1.54312853656289,0.535067703708176,-2.8839874391008,0.0039267441563854,0.0218193975561376,0.343140534429538,"AC079310.1"
"ENSG00000166426",1992.02238184796,-1.54235853658175,0.345059278736932,-4.46983643572042,7.82794369860016e-06,0.000203955303379107,0.343323725415716,"CRABP1"
"ENSG00000254404",8.77364534569999,-1.54111227368215,0.400994125876175,-3.84322905058723,0.000121426043721239,0.00162074586258871,0.34362043155923,"AP003306.1"
"ENSG00000124194",14.7940544253222,-1.53897142917371,0.251942773968575,-6.10841662545826,1.00624401329401e-09,1.68713470473074e-07,0.344130715421817,"GDAP1L1"
"ENSG00000165643",14.6650845186866,-1.53770593432209,0.432203413278356,-3.55782922364785,0.000373932284326932,0.00374049398228082,0.344432710434579,"SOHLH1"
"ENSG00000131781",1245.18722102577,-1.52985627462541,0.165772075073939,-9.22867300745951,2.74005299617948e-20,5.19947889800025e-17,0.346311865880237,"FMO5"
"ENSG00000234111",18.7766875703587,-1.5270119718723,0.424780808624978,-3.59482335563902,0.000324611748503119,0.00337060379624465,0.346995300281423,"LINC02433"
"ENSG00000243543",31.1862822008133,-1.52517681130765,0.398487715386098,-3.82741237036603,0.000129497463845048,0.00169940028946171,0.347436971775587,"WFDC6"
"ENSG00000198054",29.6176632758842,-1.51825256928433,0.500689987617854,-3.03232061121844,0.00242681294064548,0.015240197868571,0.34910851014718,"DSCR8"
"ENSG00000130477",189.195852507028,-1.51760224743644,0.251432593602561,-6.03582147283303,1.58156031106657e-09,2.38501389690708e-07,0.34926591282921,"UNC13A"
"ENSG00000155897",12.5139272289013,-1.51073752165264,0.410824065252425,-3.67733453181323,0.000235683862755063,0.00266340309617645,0.350931772869466,"ADCY8"
"ENSG00000244402",112.320424977067,-1.50634073897446,0.318342455340712,-4.73182484366489,2.2251037869768e-06,7.62787784975225e-05,0.352002910066888,"RN7SL314P"
"ENSG00000124678",18.0799206175639,-1.49519207030303,0.287388865535605,-5.2026791904984,1.96435800701498e-07,1.15582419063923e-05,0.354733609160545,"TCP11"
"ENSG00000117322",249.454820986762,-1.49127697561291,0.342994140602128,-4.34782055750273,1.37497024349146e-05,0.000309994528856873,0.355697570202987,"CR2"
"ENSG00000122133",42.1376400092563,-1.49106104600204,0.333890901092887,-4.46571332468635,7.9802409830854e-06,0.000207440716239541,0.355750811798626,"PAEP"
"ENSG00000114757",283.419409770896,-1.48206688852239,0.278277679287158,-5.32585614598657,1.00478631018816e-07,6.97560642356543e-06,0.357975587881892,"PEX5L"
"ENSG00000256870",606.709519608588,-1.48199456555064,0.463595191154679,-3.19674274847293,0.00138988822216109,0.0100282461048258,0.357993533814013,"SLC5A8"
"ENSG00000186377",3544.84798960951,-1.48015560942307,0.235276548721444,-6.29113108580791,3.15161048364454e-10,6.08180697653134e-08,0.358450147402436,"CYP4X1"
"ENSG00000179256",114.236470848044,-1.47986127456725,0.257108751033288,-5.75577948482838,8.62429059283705e-09,9.35160576616631e-07,0.35852328492115,"SMCO3"
"ENSG00000079689",138.430359902713,-1.47971873330092,0.377320310353563,-3.92165142638193,8.79441533434014e-05,0.0012610682089311,0.358558709516287,"SCGN"
"ENSG00000169507",81.6836296157888,-1.46608407138373,0.202874144487982,-7.22656933481525,4.95347783027086e-13,2.34990924318953e-10,0.361963449479212,"SLC38A11"
"ENSG00000258590",15.703970824164,-1.46405721253711,0.225575560643186,-6.49031840312237,8.56551545484329e-11,1.93114210319046e-08,0.362472333474913,"NBEAP1"
"ENSG00000225208",30.6690945982521,-1.46324340609746,0.272764739476113,-5.36448885918264,8.11787698209214e-08,5.84975242908925e-06,0.362676857317028,"AL133387.1"
"ENSG00000168878",18.2266724093196,-1.45747708553384,0.273519471526718,-5.3286044953164,9.89702500561669e-08,6.91304160745084e-06,0.364129344450097,"SFTPB"
"ENSG00000173237",27.8991651581125,-1.45648303607832,0.429862980288643,-3.38824951871949,0.000703402428812417,0.00599776157912687,0.364380324244971,"C11orf86"
"ENSG00000167751",34.5362064004981,-1.45416763909433,0.309408963998631,-4.69982388454902,2.60385948592939e-06,8.61116519984691e-05,0.364965591721386,"KLK2"
"ENSG00000171872",14.716431155428,-1.45283031520233,0.278476912751821,-5.21705839398291,1.81786963533093e-07,1.08933445963476e-05,0.365304057908779,"KLF17"
"ENSG00000138079",23.8652255278954,-1.44987386834977,0.235846910505648,-6.14752114090149,7.87032130364499e-10,1.3892642357e-07,0.366053425832334,"SLC3A1"
"ENSG00000189377",1728.10685793769,-1.44122191552871,0.302799110525197,-4.75966363649137,1.93915854206074e-06,6.78188089880145e-05,0.368255272026064,"CXCL17"
"ENSG00000254626",15.2765900500743,-1.44042711219708,0.5056661684193,-2.84857323300828,0.00439157450390029,0.0236743709820818,0.36845820552726,"AP003100.1"
"ENSG00000179593",3463.64411236548,-1.43988622508352,0.285359942233069,-5.04585967398147,4.51486691683832e-07,2.24962876506182e-05,0.368596371704741,"ALOX15B"
"ENSG00000237686",342.437501491553,-1.43882351292019,0.250535457105438,-5.74299354488037,9.3017274179571e-09,9.94411432085921e-07,0.368867985692793,"AL109615.3"
"ENSG00000197838",7.93730071297918,-1.43866408743283,0.423355904185303,-3.39823792041206,0.000678214099823725,0.00584321349492473,0.368908749822482,"CYP2A13"
"ENSG00000224238",14.376497545849,-1.43832293569471,0.22470976084858,-6.40080310825448,1.54561782964332e-10,3.17074446836108e-08,0.368995995386543,"WARS2-IT1"
"ENSG00000134240",3756.71538515875,-1.43482537642152,0.351237663286326,-4.08505558030621,4.40662672040587e-05,0.000748272162940806,0.369891646228821,"HMGCS2"
"ENSG00000124479",549.66946423106,-1.43201682690541,0.300195271233246,-4.77028442527585,1.8396597259074e-06,6.52506099978775e-05,0.370612429779256,"NDP"
"ENSG00000109956",161.25578455656,-1.42790684052202,0.267047659005091,-5.34701126323973,8.94184538815109e-08,6.36296129167464e-06,0.371669745248653,"B3GAT1"
"ENSG00000202538",37.6936475344124,-1.42733270654547,0.26560906421903,-5.37381023024293,7.70899913658854e-08,5.59049743118655e-06,0.371817684132691,"RNU4-2"
"ENSG00000154162",22.2263993313984,-1.42587859365293,0.357028514065603,-3.99373870007179,6.50395378364201e-05,0.00100817924851812,0.372192633402171,"CDH12"
"ENSG00000222033",66.3561316164554,-1.42287548340297,0.244618535705043,-5.81671163757863,6.00165431361751e-09,7.10898269523581e-07,0.372968195545178,"LINC01124"
"ENSG00000136695",17.1611838984831,-1.42119581583864,0.373846740804816,-3.80154662517344,0.000143795671823627,0.00184263997923231,0.373402679192838,"IL36RN"
"ENSG00000262117",7.97401917420512,-1.41811362678901,0.370272598281859,-3.82991783180649,0.00012818605476069,0.0016872396837894,0.37420127341214,"BCAR4"
"ENSG00000249231",37.6980115803041,-1.41424846072982,0.320401652061086,-4.4139861690232,1.01484445253362e-05,0.000248217218352773,0.375205151037577,"CASC16"
"ENSG00000186439",20.7259756558252,-1.41224314467751,0.30660965578325,-4.60599696728356,4.10494371031071e-06,0.000121710512014955,0.375727041005232,"TRDN"
"ENSG00000199805",1.43392076074815,-1.41198055757592,0.404811048253029,-3.48799906442611,0.000486649781766341,0.0045621663979421,0.375795433874938,"RNU1-134P"
"ENSG00000279289",45.7775599534048,-1.41063847493361,0.230709671233542,-6.11434478403661,9.69544837810161e-10,1.64757503744591e-07,0.376145184290067,"AL136164.3"
"ENSG00000102003",476.879848513414,-1.39942783199864,0.21908834581174,-6.38750466992504,1.68614461163212e-10,3.39780521694468e-08,0.379079453455422,"SYP"
"ENSG00000167800",80.3526271413177,-1.39928154397087,0.473403901785379,-2.95578794068589,0.0031187143667663,0.0183837030405476,0.379117893732592,"TBX10"
"ENSG00000157445",109.997065889785,-1.39789121030812,0.201764572991369,-6.92832834616572,4.25842458805102e-12,1.47016666150504e-09,0.379483427973251,"CACNA2D3"
"ENSG00000262119",12.6439581215396,-1.39760150792234,0.323388375042334,-4.32174319110691,1.54801303716587e-05,0.000338940431435617,0.379559638322718,"AL079343.1"
"ENSG00000080166",29.8724058487829,-1.39691688802247,0.277147862011201,-5.04033073856442,4.64727994984042e-07,2.300504602996e-05,0.379739798190087,"DCT"
"ENSG00000118160",111.694965182221,-1.39422854428541,0.283929958116094,-4.91046648806019,9.08599836746456e-07,3.78239979571363e-05,0.380448071820361,"SLC8A2"
"ENSG00000186732",36.6774171393512,-1.39297667988511,0.336627370979157,-4.13803748588037,3.50289150785699e-05,0.000625602686473815,0.380778339880684,"MPPED1"
"ENSG00000262920",15.563785740478,-1.39140124988992,0.351263130945435,-3.96113661614564,7.45938366541644e-05,0.00111382049472261,0.381194378795078,"AC129507.4"
"ENSG00000241280",22.2317836020918,-1.39042815854434,0.417900579088214,-3.32717451978175,0.000877314103823246,0.00709673870627323,0.381451579427408,"AC106712.1"
"ENSG00000166509",13641.0919307506,-1.38956784490706,0.500960352895836,-2.77380802068381,0.00554043629873667,0.0280982795007868,0.381679115984417,"CLEC3A"
"ENSG00000116147",77.9262353896951,-1.38860754789434,0.24401010309738,-5.69077890738063,1.26461165309624e-08,1.25748785819452e-06,0.381933256545089,"TNR"
"ENSG00000139445",22.1122346817913,-1.38809587785922,0.322730767053157,-4.30109558668319,1.69955722430965e-05,0.000365100165610897,0.382068738026699,"FOXN4"
"ENSG00000251791",23.4204776729039,-1.38750602973896,0.269030637203444,-5.1574275858021,2.50365626681906e-07,1.3973224718563e-05,0.382224979364428,"SCARNA6"
"ENSG00000280081",33.2855713982345,-1.3864801472855,0.543269801871664,-2.55210236701694,0.0107075053768529,0.045659289313917,0.382496871439061,"LINC01667"
"ENSG00000142700",14.1821323307455,-1.3817489385641,0.355456854459429,-3.88724797743858,0.000101387164676002,0.00140090238278958,0.383753299908578,"DMRTA2"
"ENSG00000258414",82.0507661746759,-1.37710505206083,0.263190634867861,-5.23234822831833,1.67370062687976e-07,1.01903307418928e-05,0.384990552417479,"AL121790.1"
"ENSG00000181541",5.52724950549136,-1.37695602410302,0.305112841226625,-4.51294025701224,6.39350361423204e-06,0.000172088026949974,0.38503032334454,"MAB21L2"
"ENSG00000129988",1610.36043109106,-1.37621712396266,0.315981354696309,-4.35537446595652,1.32839629171736e-05,0.000303251892914861,0.385227573504666,"LBP"
"ENSG00000144820",6.86654526807364,-1.37555341501313,0.477587621306591,-2.88021161698008,0.00397408330224255,0.0220233270565503,0.385404837446258,"ADGRG7"
"ENSG00000115844",203.916142908999,-1.3750415598173,0.317645153161982,-4.32886051031953,1.49882823986221e-05,0.000331246814035825,0.385541599868085,"DLX2"
"ENSG00000273319",14.4700699141356,-1.37393421496878,0.243245106010277,-5.64835296176824,1.61992319663815e-08,1.54340046488064e-06,0.385837637061716,"AC058791.1"
"ENSG00000187510",21.7245041282492,-1.37388279313258,0.289452734445805,-4.74648407023363,2.06983017552097e-06,7.16397620479084e-05,0.385851389679421,"C12orf74"
"ENSG00000102854",1756.33210847479,-1.37370835006095,0.321258059114126,-4.27602767024418,1.90257586667738e-05,0.000395648904658545,0.385898047614186,"MSLN"
"ENSG00000261434",45.9707364375836,-1.37283793328633,0.263225669284378,-5.21544094471718,1.83380478323959e-07,1.09599917898028e-05,0.386130940548021,"AC021087.4"
"ENSG00000138347",44.8386354763727,-1.37087429497879,0.401633030862002,-3.41325087739065,0.000641928185423058,0.00561989492897672,0.386656857476589,"MYPN"
"ENSG00000279694",22.2303318081358,-1.3645516529957,0.373002662038665,-3.65828931498149,0.000253904337581667,0.00282721548707685,0.388355108045453,"AC011270.2"
"ENSG00000135625",22.9392162463191,-1.36444564870844,0.307917864545034,-4.4312000238261,9.37101106579491e-06,0.000235147553657466,0.388383644096192,"EGR4"
"ENSG00000089169",19.7035858195259,-1.35963920427174,0.248442859949218,-5.47264350663832,4.43371457264283e-08,3.54246015907543e-06,0.389679730522394,"RPH3A"
"ENSG00000248538",97.3675185272102,-1.35719052177646,0.327092862747445,-4.1492514094518,3.33564306936693e-05,0.000600442121205964,0.39034169451921,"AC022784.1"
"ENSG00000075043",11.6577729167761,-1.35458111325325,0.33136335874161,-4.08790253212493,4.35290954660946e-05,0.000741362029063905,0.39104834603534,"KCNQ2"
"ENSG00000137270",41.29022679838,-1.35105251819387,0.259430426910306,-5.20776431000893,1.91129477760616e-07,1.1363470856624e-05,0.392005956648791,"GCM1"
"ENSG00000256340",16.9257228616909,-1.34889041839487,0.259361686850012,-5.20080831821136,1.98423660831101e-07,1.16108019183282e-05,0.392593878135835,"ABCC6P1"
"ENSG00000236039",20.0884526377749,-1.34774299326026,0.275809139691501,-4.88650591770721,1.02641243813443e-06,4.12646732001717e-05,0.392906245792333,"AC019117.1"
"ENSG00000185306",24.8081898741198,-1.34726203862839,0.348208949342216,-3.8691195076216,0.000109229096619116,0.00148759315736477,0.393037251705327,"C12orf56"
"ENSG00000154198",664.564696404107,-1.34459631993578,0.279368625303798,-4.81298255476473,1.48694273809506e-06,5.51452330442388e-05,0.393764151900027,"CYP4Z2P"
"ENSG00000178403",38.4307493810757,-1.34458610450433,0.44384030842672,-3.02943666669321,0.00245010268448469,0.0153357031963719,0.393766940074124,"NEUROG2"
"ENSG00000176165",17.0907278349375,-1.34260036812387,0.395262253715339,-3.39673306900381,0.000681954547257718,0.0058709969737639,0.39430929703911,"FOXG1"
"ENSG00000204644",150.521922496925,-1.34249359160474,0.346462606760615,-3.87485854290858,0.000106686655346261,0.00146516687047295,0.394338481676959,"ZFP57"
"ENSG00000224272",90.4714848987312,-1.34226281684735,0.259078959038209,-5.18090246243964,2.20814941374724e-07,1.26336106282508e-05,0.394401565449853,"AC131097.3"
"ENSG00000229028",50.1154146595673,-1.34200775646801,0.382468900928619,-3.50880229270843,0.000450129378379206,0.00428279626387243,0.394471299595318,"KRT223P"
"ENSG00000196415",19.4488924585301,-1.33979662730427,0.332640554991485,-4.02776091850425,5.631056107968e-05,0.000908751088834439,0.395076344816765,"PRTN3"
"ENSG00000230615",121.476189681786,-1.33908299601823,0.197626647612927,-6.77582204724217,1.23700862440562e-11,3.80647613328923e-09,0.395271818270461,"AL139220.2"
"ENSG00000170231",62.8556200878371,-1.33890312349461,0.337140009791012,-3.9713563641544,7.14645835552548e-05,0.00108199470221856,0.39532110309494,"FABP6"
"ENSG00000075035",81.0109363789385,-1.33884458513798,0.243084286541238,-5.50773809441959,3.63473627882306e-08,3.0206780950759e-06,0.395337143849608,"WSCD2"
"ENSG00000187048",17.7858422182809,-1.33847321966563,0.278148643240033,-4.81207890886807,1.49368352206662e-06,5.53051503755755e-05,0.395438921050238,"CYP4A11"
"ENSG00000153802",18.0949425213009,-1.33797074228746,0.356849460749175,-3.74939824619183,0.000177259401116489,0.00214358673543471,0.395576672767126,"TMPRSS11D"
"ENSG00000173335",886.456492142349,-1.33684490078408,0.413608875758758,-3.23214751697885,0.00122863611203753,0.00911015073500706,0.395885490944836,"CST9"
"ENSG00000184385",11.2600117195938,-1.33167476048205,0.292948745982847,-4.54576023534174,5.47373193757184e-06,0.000152935398712207,0.397306758333346,"UMODL1-AS1"
"ENSG00000166317",230.34840283382,-1.3299564213956,0.30306921421708,-4.38829270347133,1.14243953993415e-05,0.00027070229723039,0.397780257200288,"SYNPO2L"
"ENSG00000121871",7.76461380806347,-1.32987248098958,0.329542468169094,-4.035511684968,5.4483427825644e-05,0.00088490879815816,0.397803401944487,"SLITRK3"
"ENSG00000102290",33.5603681589303,-1.32859566649696,0.359758571898674,-3.69302018152096,0.000221606428885332,0.00254216624289566,0.398155621894658,"PCDH11X"
"ENSG00000232756",12.5722580706912,-1.31873761743891,0.318010986778814,-4.14683036833609,3.37109629085925e-05,0.000605866090285368,0.400885567020948,"AC004990.1"
"ENSG00000163499",9.64740815083348,-1.31800405963631,0.347738499042996,-3.79021610567586,0.000150516274980314,0.00190729332085516,0.401089454538825,"CRYBA2"
"ENSG00000202198",1947.22144271204,-1.3112447632883,0.287532603612972,-4.56033419101674,5.10722757476335e-06,0.000146285130949605,0.40297304275593,"RF00100"
"ENSG00000273706",60.0336758463913,-1.30935946552931,0.509331359484156,-2.57074189748577,0.0101480927378062,0.0439152831114756,0.403499987653311,"LHX1"
"ENSG00000057593",498.437958996305,-1.30590919488414,0.208697219193219,-6.25743457403276,3.91361750673925e-10,7.42641535382995e-08,0.404466131007869,"F7"
"ENSG00000164690",17.4167785343011,-1.3054293005171,0.301022253127787,-4.3366538086569,1.44668205802687e-05,0.00032138924042273,0.404600693960288,"SHH"
"ENSG00000230257",106.240480821083,-1.29971892068583,0.352555290328225,-3.6865676287989,0.000227299057441823,0.00258920802251513,0.406205331183346,"NFE4"
"ENSG00000106536",27.1803002640077,-1.29904853339618,0.393943570017277,-3.29754978191218,0.000975323834731952,0.0076688877902905,0.406394129343968,"POU6F2"
"ENSG00000278965",43.6355834588725,-1.29757647393758,0.23971099439496,-5.41308702678706,6.19473635473786e-08,4.68639008417727e-06,0.40680900678879,"AC122713.2"
"ENSG00000204335",130.628133714938,-1.2955227814139,0.280345569168689,-4.62116374892431,3.81593426259838e-06,0.000115856852124837,0.407388516330405,"SP5"
"ENSG00000186487",5.99744418566169,-1.29383473724952,0.32918476243432,-3.93042110358214,8.4797215912884e-05,0.00123145242573487,0.407865465557581,"MYT1L"
"ENSG00000106031",39.9430669288913,-1.29030711666771,0.264382580920379,-4.88045434830026,1.05841713307846e-06,4.22087855294739e-05,0.408863982254718,"HOXA13"
"ENSG00000166183",36.6884791106443,-1.28964303450234,0.22080534467099,-5.84063323477953,5.20027766993305e-09,6.33238089957463e-07,0.409052228399357,"ASPG"
"ENSG00000143469",38.8863328087522,-1.28953417048911,0.294892222661994,-4.37289989830344,1.22606950647134e-05,0.000285468596440275,0.409083096147642,"SYT14"
"ENSG00000256612",8816.58013406078,-1.28827171900922,0.29691006527157,-4.33892908895123,1.43178708344232e-05,0.000319326382733253,0.409441226988825,"CYP2B7P"
"ENSG00000227170",11.5825269026598,-1.28764409194462,0.284451117238663,-4.52676756711154,5.98927527451763e-06,0.000164117674219062,0.409619388203415,"AF178030.1"
"ENSG00000258910",102.233827074568,-1.28737324590173,0.293593277564377,-4.3848866587875,1.16046184419164e-05,0.000273549447764884,0.409696295797865,"LINC01956"
"ENSG00000171772",11.5807043198856,-1.28496929590639,0.318221943753721,-4.03796570641545,5.39167326893212e-05,0.000878210243253599,0.410379538196742,"SYCE1"
"ENSG00000143512",202.932103094038,-1.28362862585604,0.262543324836908,-4.88920686387067,1.01243061333728e-06,4.09485923557785e-05,0.410761073626953,"HHIPL2"
"ENSG00000278811",88.4399184697125,-1.28332224791926,0.222867114643966,-5.75823961273689,8.49956495077473e-09,9.31513007007551e-07,0.410848314166704,"LINC00624"
"ENSG00000185149",50.2615808189811,-1.28204275711222,0.477534260967209,-2.68471366748753,0.00725919666835775,0.0343871785594288,0.41121284707209,"NPY2R"
"ENSG00000203709",842.157311909135,-1.27956448982777,0.184688317454047,-6.92823729982888,4.26116550258368e-12,1.47016666150504e-09,0.41191983719916,"MIR29B2CHG"
"ENSG00000134020",142.278023186114,-1.27938127887578,0.262288646994133,-4.87776079345288,1.07296933884505e-06,4.27143091168544e-05,0.411972151108555,"PEBP4"
"ENSG00000162631",235.494786232564,-1.27837253966854,0.332274174204363,-3.84734246268048,0.000119406007893627,0.00159940835632104,0.412260304715741,"NTNG1"
"ENSG00000254349",41.7929355231287,-1.27678044056865,0.33485696309464,-3.8129129189044,0.000137338511868685,0.00177489091203262,0.412715509412708,"MIR2052HG"
"ENSG00000259129",12.9776131542597,-1.27495165456133,0.412756906266607,-3.08886813328767,0.00200920597385317,0.013150798859043,0.413239006692681,"LINC00648"
"ENSG00000259417",31.9988388920029,-1.27410896343291,0.171859952966997,-7.41364664330836,1.22873036907029e-13,7.17421006002555e-11,0.413480453816122,"CTXND1"
"ENSG00000197249",14473.3884271696,-1.27304149630267,0.231468213440777,-5.49985450433519,3.80104765421259e-08,3.13600203384329e-06,0.413786506107956,"SERPINA1"
"ENSG00000212232",50.7620544701781,-1.27202093724585,0.26396990155585,-4.81881051494319,1.44416627810712e-06,5.38217844824506e-05,0.414079321259037,"SNORD17"
"ENSG00000137968",505.430556937091,-1.26996668693569,0.234494658615956,-5.41575955047905,6.10290706814266e-08,4.64780257018985e-06,0.414669347867123,"SLC44A5"
"ENSG00000132744",88.348636861729,-1.26975798095448,0.237943437680847,-5.33638579542419,9.48175463582925e-08,6.68251331074324e-06,0.414729339917328,"ACY3"
"ENSG00000078328",6.45105809314962,-1.26956219075702,0.346197743082393,-3.66715906190893,0.000245260240682858,0.00274573300913931,0.414785627245683,"RBFOX1"
"ENSG00000229091",18.332341108898,-1.26645320720641,0.254262184851805,-4.98089485050461,6.32909241570828e-07,2.85385670095234e-05,0.415680447111335,"HSPA8P8"
"ENSG00000253632",27.589455130952,-1.26467831601292,0.261969022048268,-4.82758727014639,1.3819713375396e-06,5.2014660044817e-05,0.416192157185675,"AC084026.2"
"ENSG00000224679",12.3668274130185,-1.2642475286261,0.422154873599337,-2.99474815450309,0.00274671526266865,0.0166167516594654,0.416316450329654,"MED15P4"
"ENSG00000184226",153.454444980858,-1.26418224004306,0.216638046667621,-5.83545808083585,5.36429825470661e-09,6.49736359350661e-07,0.416335290989254,"PCDH9"
"ENSG00000087128",98.0136810037072,-1.263126054875,0.321062435872786,-3.9342069134973,8.3471853850478e-05,0.0012153053606325,0.416640198226349,"TMPRSS11E"
"ENSG00000252481",34.3598708280846,-1.25963612064525,0.187499648076465,-6.71807191942865,1.84144807850412e-11,5.307799265268e-09,0.417649286747753,"SCARNA13"
"ENSG00000249203",255.222685331113,-1.25816734834213,0.389066370531952,-3.2338116157968,0.00122149998423226,0.00906609391817239,0.418074701719908,"LINC02224"
"ENSG00000071991",224.816864255799,-1.25246849402477,0.39742785784337,-3.15143608910872,0.00162469714555627,0.0111973301154546,0.419729423373394,"CDH19"
"ENSG00000183837",77.0462988929282,-1.25241969102771,0.230588168838961,-5.43141349069985,5.59094180294313e-08,4.34509678480608e-06,0.419743622077695,"PNMA3"
"ENSG00000174171",80.313845710432,-1.25133730834248,0.227186358943441,-5.50797730181504,3.62980194876782e-08,3.0206780950759e-06,0.420058653104097,"AC020659.1"
"ENSG00000146678",10.1914258503112,-1.24898719300566,0.342357203663094,-3.64819895606684,0.00026408510456057,0.00290727221674116,0.420743476121495,"IGFBP1"
"ENSG00000156006",57.4661980912558,-1.24857490545412,0.256819999875993,-4.86167317988084,1.16397684627954e-06,4.53075500284299e-05,0.420863731671999,"NAT2"
"ENSG00000183072",63.9777534939332,-1.24745262090104,0.419153944529286,-2.97612043780702,0.00291920193527788,0.0174567261487939,0.421191252467143,"NKX2-5"
"ENSG00000236283",23.4973609509374,-1.24373599768673,0.249642614294101,-4.98206606754045,6.29089471635566e-07,2.85358493199472e-05,0.422277710278705,"AC019197.1"
"ENSG00000143125",11.5026908192953,-1.24343201009726,0.294538063149562,-4.221634368071,2.42537305128685e-05,0.000477339410119732,0.422366697004625,"PROK1"
"ENSG00000175352",1772.97074180737,-1.24221743726334,0.230835733826416,-5.38139141922223,7.39122814266468e-08,5.41175742883014e-06,0.422722427842939,"NRIP3"
"ENSG00000184258",16.8980110017723,-1.24120675475943,0.308674964780476,-4.02108008870156,5.79319030666803e-05,0.00092964578205171,0.423018670524787,"CDR1"
"ENSG00000145526",37.5398365401404,-1.2411578812188,0.457516562536228,-2.71281519151675,0.00667143017824177,0.032199053961158,0.423033001183579,"CDH18"
"ENSG00000278626",5.21406927896025,-1.24101923540466,0.284240439381012,-4.36608963209887,1.26490590967235e-05,0.00029182545561448,0.423073657435635,"AC023310.4"
"ENSG00000232044",50.8553775725106,-1.24058499027953,0.358197097317543,-3.46341441505247,0.000533366239554158,0.00490916840779617,0.423201019989744,"SILC1"
"ENSG00000198765",24.4661127420784,-1.24046801124911,0.453353234636165,-2.73620637612664,0.00621520337249592,0.0305145312624201,0.423235336079211,"SYCP1"
"ENSG00000257002",25.2089028702917,-1.23621117290105,0.20169339831133,-6.12916031586153,8.83440740586362e-10,1.53563580945741e-07,0.424485985006289,"AP000438.1"
"ENSG00000238117",133.08349428627,-1.23579162869243,0.310608737299486,-3.97861193293121,6.93187755345541e-05,0.00105662857407923,0.424609445979687,"AP000844.2"
"ENSG00000261040",172.41154386783,-1.23489250469907,0.222955530540348,-5.53873905574902,3.04657179699558e-08,2.62778357535554e-06,0.424874155790821,"WFDC21P"
"ENSG00000225840",35.6802155047265,-1.2331844973525,0.331539366527069,-3.71957185739454,0.000199560768076177,0.0023459980639456,0.425377462380048,"AC010970.1"
"ENSG00000254717",14.9701422488929,-1.23226425521343,0.314146794236577,-3.92257466197614,8.76077322862354e-05,0.00125782829249046,0.425648881583144,"GLYATL1P2"
"ENSG00000261787",12.280274181198,-1.23169229593349,0.336831336012201,-3.65670341279908,0.000255479689745131,0.00283920352132082,0.425817664372415,"TCF24"
"ENSG00000117154",728.979398693643,-1.23107916721213,0.215590278827995,-5.71027216025044,1.12795648665664e-08,1.14663826596689e-06,0.425998670419266,"IGSF21"
"ENSG00000248464",17.8090515730873,-1.22969733312633,0.311797267505422,-3.94390028804517,8.0167001697393e-05,0.00117545576023911,0.426406893550206,"FGF10-AS1"
"ENSG00000122136",58.8756994225387,-1.22956805435676,0.280429473505758,-4.38458924800397,1.16204834324167e-05,0.000273640153298407,0.426445105249087,"OBP2A"
"ENSG00000176601",26.7795738684439,-1.22840191729624,0.256701922676596,-4.7853241786733,1.70711570009489e-06,6.14627945325836e-05,0.426789942143831,"MAP3K19"
"ENSG00000186493",1216.79458801714,-1.22834130545545,0.210826486862637,-5.82631396905918,5.66649663234328e-09,6.79114709553099e-07,0.426807873214988,"C5orf38"
"ENSG00000174156",31.6562298742807,-1.22782728922151,0.411022966415055,-2.98724740354687,0.00281501813630962,0.0169565549623086,0.426959967217159,"GSTA3"
"ENSG00000198944",577.593417344031,-1.22689746139551,0.244367192834995,-5.02071267080418,5.14801178258098e-07,2.47310920466564e-05,0.427235234830096,"SOWAHA"
"ENSG00000197993",72.3291879927327,-1.22617604161473,0.189792040514078,-6.46062942520381,1.04268371208936e-10,2.26123341028446e-08,0.427448927270472,"KEL"
"ENSG00000277030",33.9718161414153,-1.22605571715904,0.286759432797953,-4.27555496674073,1.906617511098e-05,0.000396127621762888,0.427484579090789,"MIR8071-2"
"ENSG00000242094",6.84707768292755,-1.2259157486481,0.232229703103587,-5.27889297649954,1.29966683304132e-07,8.47986058887791e-06,0.427526055134522,"FOXP1-IT1"
"ENSG00000110195",619.042612566755,-1.22450898154443,0.298714682080134,-4.09925944388614,4.14474212562122e-05,0.00071176412475506,0.427943137674207,"FOLR1"
"ENSG00000229344",160.990282852706,-1.22289244618345,0.185990307922787,-6.57503318232653,4.86423190496113e-11,1.21322907051471e-08,0.428422915389748,"MTCO2P12"
"ENSG00000102466",236.04128562567,-1.22257417499598,0.201537711401826,-6.06623031735442,1.3094731211421e-09,2.09125862281904e-07,0.428517439670889,"FGF14"
"ENSG00000156413",143.529441186378,-1.22252365914884,0.360626511218615,-3.38999940691474,0.000698927748773529,0.00597420561836413,0.428532444436176,"FUT6"
"ENSG00000255277",20.2459197075943,-1.22192801356877,0.237833318704946,-5.13774949709498,2.78048181558437e-07,1.52197960150653e-05,0.428709409179046,"ABCC6P2"
"ENSG00000177453",64.7869669288137,-1.21705509317467,0.187225847731615,-6.50046512231204,8.00720526327164e-11,1.86053133724448e-08,0.43015988818447,"NIM1K"
"ENSG00000134548",64.7245267377773,-1.21680187565806,0.271559854609741,-4.48078703461796,7.43682900021048e-06,0.000196454794853588,0.430235395187066,"SPX"
"ENSG00000136918",18.4795732850562,-1.21677979963517,0.283835078194769,-4.28692537713824,1.81163116489731e-05,0.000381969011628488,0.430241978670638,"WDR38"
"ENSG00000234965",12.6682615580944,-1.21621187801162,0.259784917183007,-4.68161081559191,2.84629463688387e-06,9.25899645378324e-05,0.430411378173503,"SHISA8"
"ENSG00000149295",84.8680679066631,-1.21448316972724,0.275340628228688,-4.41083895805792,1.02970880763884e-05,0.00025158261007236,0.430927427410698,"DRD2"
"ENSG00000160181",24.6249978970239,-1.21438671120616,0.380561165587649,-3.19104212677861,0.00141760608771943,0.010157428641743,0.430956240160977,"TFF2"
"ENSG00000180432",22.3964253210003,-1.21281680128246,0.262489880575748,-4.62043259961966,3.82940735016271e-06,0.00011595669517361,0.431425452782426,"CYP8B1"
"ENSG00000266554",21.2917913054346,-1.21233002633558,0.37452988235111,-3.23693804810763,0.0012081963779396,0.00899667747614869,0.431571043173181,"LINC01443"
"ENSG00000140287",169.264849219754,-1.21069622638613,0.215194249348336,-5.62606217430265,1.84369916158777e-08,1.71273177783158e-06,0.432060058612917,"HDC"
"ENSG00000095713",232.525217474189,-1.20975008762022,0.242135951517183,-4.99616054551225,5.84829785445289e-07,2.71778756007646e-05,0.432343502329678,"CRTAC1"
"ENSG00000137975",2030.98705492728,-1.20952561423177,0.354508764292052,-3.41183557661028,0.00064527022492812,0.00563831477046746,0.432410777227495,"CLCA2"
"ENSG00000091831",31074.0117117094,-1.20433878449949,0.172530167407904,-6.98045334675958,2.94229057593924e-12,1.11664831174521e-09,0.43396819415915,"ESR1"
"ENSG00000274997",9.94741218357535,-1.20419619387261,0.313680098022861,-3.83893081347116,0.00012357124193908,0.00164552090654666,0.434011088085575,"HIST1H2AH"
"ENSG00000254399",26.6746680267015,-1.20342942053785,0.282064155229673,-4.2665095802689,1.98554972210005e-05,0.000409118671490102,0.434241820549341,"GLYATL1P4"
"ENSG00000228133",15.2933941318404,-1.19876601849163,0.25007315516459,-4.79366134962644,1.63764631036431e-06,5.9475030515639e-05,0.435647745271506,"AC099684.1"
"ENSG00000147573",31.2720153144319,-1.19129309894814,0.2997745172786,-3.97396386378296,7.0686292183524e-05,0.00107306503954068,0.437910182352383,"TRIM55"
"ENSG00000109832",26.9804733350045,-1.19061821559931,0.222434484013436,-5.35266921799496,8.66661915947419e-08,6.20589889560964e-06,0.438115081806666,"DDX25"
"ENSG00000104371",6.25426186799412,-1.19043785129755,0.298171456000445,-3.99246080515425,6.53911439429419e-05,0.00101087694414442,0.438169857943207,"DKK4"
"ENSG00000270110",17.545910109168,-1.18619878338698,0.227004287278963,-5.22544660986634,1.73735247813544e-07,1.04937011351783e-05,0.439459224891986,"AL353593.3"
"ENSG00000124490",29.6816272612945,-1.18489665772683,0.457131945705592,-2.59202330718305,0.00954133073027697,0.0420731297558359,0.439856044339357,"CRISP2"
"ENSG00000188039",156.334323296848,-1.18267135764056,0.22296968228576,-5.30418012671713,1.1318051403379e-07,7.63007846918454e-06,0.440535028423386,"NWD1"
"ENSG00000154252",62.296994938309,-1.18236644475192,0.281324619205731,-4.20285451052991,2.63570004154819e-05,0.000507480082358357,0.440628145125115,"GAL3ST2"
"ENSG00000147257",1629.94460131467,-1.17635340731536,0.225197030367793,-5.22366305361191,1.75417856473175e-07,1.0567301613097e-05,0.442468480480936,"GPC3"
"ENSG00000135346",633.50415984008,-1.17426766348866,0.458118561622277,-2.5632396542292,0.0103700441046011,0.0446298004736102,0.443108631940955,"CGA"
"ENSG00000259498",74.5139595831966,-1.17230616969939,0.198237067055732,-5.91365775891857,3.34592749251653e-09,4.42965784488918e-07,0.443711493894373,"TPM1-AS"
"ENSG00000188916",869.786544642795,-1.17002368919641,0.277433206993295,-4.21731667191766,2.47226670239048e-05,0.000483227339743637,0.444414043200476,"INSYN2"
"ENSG00000269028",119.07807166237,-1.17000966179829,0.204533047109107,-5.72039422643595,1.06277173173598e-08,1.10001705015273e-06,0.444418364282094,"MTRNR2L12"
"ENSG00000265929",4.40197259383877,-1.16839723370856,0.400605650596889,-2.91657701774223,0.00353895338796761,0.0201665434427954,0.44491534613408,"MIR5195"
"ENSG00000197408",14.6443010510929,-1.16557635245554,0.328639126160047,-3.54667554674519,0.000390124730639246,0.00385569888949057,0.445786133873445,"CYP2B6"
"ENSG00000169064",18.9922676700296,-1.16482554391923,0.321975551277982,-3.61774532040031,0.000297180605422503,0.0031725736362287,0.446018190637167,"ZBBX"
"ENSG00000233237",236.49444322413,-1.16466253338435,0.193657694221393,-6.01402664669178,1.8097074294481e-09,2.67589921272485e-07,0.446068589210277,"LINC00472"
"ENSG00000122548",7.17153830218812,-1.16453863640246,0.251771988301556,-4.62537013850664,3.73930030354909e-06,0.000114292090217606,0.446106898709882,"KIAA0087"
"ENSG00000152954",5.38517453248275,-1.16376252931592,0.380729400705104,-3.05666577669245,0.00223813680105849,0.0143159025553098,0.446346949351063,"NRSN1"
"ENSG00000279044",10.5288112952309,-1.16344716857018,0.240458563781665,-4.83845179091471,1.30854425949136e-06,4.99947337799961e-05,0.446444527625359,"AC007787.2"
"ENSG00000167034",1123.8806542033,-1.1627356294584,0.210895672631314,-5.51332142073434,3.5212430539646e-08,2.96971205858622e-06,0.446664768966988,"NKX3-1"
"ENSG00000196604",30.2184341449568,-1.16040470629733,0.26251832281023,-4.42028081649814,9.85727219730422e-06,0.000243978201309581,0.447387016393264,"POTEF"
"ENSG00000279954",22.2819833686809,-1.15964920309188,0.210953774031265,-5.49717210994296,3.85929996062835e-08,3.17256748748982e-06,0.447621363107225,"BX324167.2"
"ENSG00000233670",2.79042803568205,-1.15902692089396,0.362620311517872,-3.1962548265497,0.00139224091812473,0.0100420392608864,0.447814478685812,"PIRT"
"ENSG00000114854",45.4500473975668,-1.15897580049595,0.191754284563721,-6.04406729754618,1.50276780508566e-09,2.29661246238963e-07,0.447830346807158,"TNNC1"
"ENSG00000265735",6.17232071692921,-1.15786305675561,0.267853249374685,-4.32275157930207,1.54095210666522e-05,0.000337719157082518,0.448175889438485,"RN7SL5P"
"ENSG00000224209",13.9898342761796,-1.15608500471857,0.226926927614337,-5.09452543544475,3.49615896656426e-07,1.82594118870722e-05,0.448728585116002,"LINC00466"
"ENSG00000273301",27.5712652292119,-1.15596611259823,0.312073012667518,-3.7041527645,0.000212098418287191,0.00245535998109691,0.448765566244919,"AC016717.2"
"ENSG00000245080",37.0691268711757,-1.15546141617346,0.205761746077488,-5.61553076896192,1.95959780631645e-08,1.79204825894104e-06,0.448922584874278,"MIR3150BHG"
"ENSG00000230533",10.9381662862343,-1.15486300552077,0.346354203928815,-3.3343409504512,0.000855017827191549,0.00696587153594947,0.449108830595837,"AL356234.2"
"ENSG00000277010",29.4282652046051,-1.15387572948384,0.282446017292846,-4.08529651274026,4.40205648943969e-05,0.000748071085143461,0.449416273348445,"AC120498.10"
"ENSG00000211452",759.17274078547,-1.15379192321331,0.291978103099471,-3.95163853373018,7.7617918762854e-05,0.00114545536497016,0.449442380734057,"DIO1"
"ENSG00000252621",201.400409937292,-1.15341734133639,0.312882397920316,-3.68642451286167,0.000227426860739951,0.00258936852295471,0.449559089271396,"RF00019"
"ENSG00000106689",54.6235700157991,-1.1522385766159,0.239925327668712,-4.80248829005208,1.56705986286013e-06,5.74613850840387e-05,0.449926554971003,"LHX2"
"ENSG00000108342",13.0884799063188,-1.15088049112471,0.383532153412574,-3.00074056603719,0.00269323919741343,0.0163627934269747,0.450350294154237,"CSF3"
"ENSG00000103184",56.669453537677,-1.15031765646137,0.207893300461975,-5.53321176731122,3.14419474710006e-08,2.69159618745171e-06,0.450526022356494,"SEC14L5"
"ENSG00000215156",14.1564054531151,-1.15021093461307,0.21680128715915,-5.30536949150452,1.12444994153861e-07,7.63007846918454e-06,0.450559350777862,"AC138409.1"
"ENSG00000136931",7.06087148114759,-1.14858096957296,0.371014000541134,-3.09578875163127,0.00196290150215525,0.0129108117000512,0.45106868295694,"NR5A1"
"ENSG00000257271",21.869566216991,-1.14802868184257,0.390267602871483,-2.94164484419328,0.00326474121562357,0.0190034310380788,0.451241392629998,"KIRREL3-AS1"
"ENSG00000174776",13.2595136876847,-1.14758519430717,0.262793686501718,-4.36686744489071,1.26041166443168e-05,0.000291083509237057,0.451380126519846,"WDR49"
"ENSG00000214546",47.8328038831399,-1.1474935118483,0.287506404580038,-3.99119286933608,6.57417873225996e-05,0.00101560803196941,0.451408812384627,"AC087491.1"
"ENSG00000133454",71.4007169850516,-1.1453910080481,0.251797862278711,-4.54885120025479,5.39395649618591e-06,0.000152200475061523,0.452067150167256,"MYO18B"
"ENSG00000143194",97.3953819572693,-1.14428163185973,0.293229957256305,-3.90233536357113,9.52690360328833e-05,0.00133311331286123,0.452414905852927,"MAEL"
"ENSG00000265142",7.82695783722227,-1.14391299925116,0.294559463571074,-3.88347054066094,0.000102976013429422,0.00141941089697419,0.452530520165633,"MIR133A1HG"
"ENSG00000211951",412.873538908257,-1.14386104241131,0.332715196472687,-3.43795851388233,0.000586117488401982,0.00525866088589501,0.452546817774261,"IGHV2-26"
"ENSG00000268751",115.794292404393,-1.14052951381378,0.230830152134751,-4.94099017509626,7.77268254910611e-07,3.35810721942918e-05,0.453593064383453,"SCGB1B2P"
"ENSG00000205325",20.5059736526446,-1.13755021069707,0.349011152611873,-3.25935203555549,0.00111667011774905,0.00849420008825754,0.454530745271741,"AC005863.1"
"ENSG00000211689",169.924408441662,-1.1374936657866,0.276095153304192,-4.11993348008305,3.78981796447704e-05,0.00066485319621808,0.454548560474016,"TRGC1"
"ENSG00000080493",202.892183397269,-1.13692196226062,0.243130865808328,-4.67617288525149,2.92278226541383e-06,9.46723683723161e-05,0.454728722257031,"SLC4A4"
"ENSG00000145681",352.534574529964,-1.13614825503363,0.269893883409466,-4.20961097999371,2.55810764858259e-05,0.000495750376730845,0.454972655483924,"HAPLN1"
"ENSG00000019169",398.74947769245,-1.1359930917397,0.251087095427434,-4.52429898799006,6.05960124534681e-06,0.000165505262669223,0.455021590879342,"MARCO"
"ENSG00000207422",31.4984494396797,-1.13573387163405,0.315213731031136,-3.60305963803927,0.000314493335458123,0.00330235396772815,0.455103355451002,"RNU6-813P"
"ENSG00000260001",38.8477511995438,-1.13547765522946,0.232837414338775,-4.87669758081645,1.07876629581976e-06,4.27924575870952e-05,0.455184187017636,"TGFBR3L"
"ENSG00000199094",15.2004887627152,-1.13275512197775,0.215885326754417,-5.24702229191486,1.54577201683581e-07,9.6171515287891e-06,0.456043983505321,"MIR30C2"
"ENSG00000153789",22.7917016888989,-1.1313604149363,0.270646644689203,-4.1802122329486,2.9123715350323e-05,0.00054358698544443,0.456485071387095,"FAM92B"
"ENSG00000215018",172.225443813059,-1.13119568907074,0.202103037031329,-5.59712365378948,2.17937270642382e-08,1.94613709403831e-06,0.456537195494672,"COL28A1"
"ENSG00000128564",99.1713394200708,-1.13051228051086,0.278652994204335,-4.05706130572513,4.96940411231985e-05,0.0008235684209726,0.456753509634593,"VGF"
"ENSG00000229886",12.1974207821976,-1.12935270972363,0.213893832288723,-5.27996856028641,1.29206055057396e-07,8.45445712560908e-06,0.457120774314854,"AC068533.2"
"ENSG00000252835",18.8707694404831,-1.1292422883735,0.330824560889297,-3.41341732711127,0.000641536196972138,0.00561862336202021,0.457155762876788,"SCARNA21"
"ENSG00000213538",25.4259908516345,-1.1289438696426,0.21777831894261,-5.18391305031657,2.17278258448668e-07,1.24625773882484e-05,0.457250334459274,"KRT8P41"
"ENSG00000257150",32.3255954871976,-1.12848441770568,0.227600814837209,-4.95817389104177,7.11588592218902e-07,3.12810498714606e-05,0.457395977164076,"PGAM1P5"
"ENSG00000168032",384.411314012198,-1.12726972466551,0.190003268482226,-5.9328964899936,2.97636508383351e-09,4.10756420145291e-07,0.45778124893319,"ENTPD3"
"ENSG00000259457",77.4937349845717,-1.12666748324555,0.381329926359722,-2.9545739931849,0.00313101061967691,0.018432327513098,0.457972385918398,"AC100826.1"
"ENSG00000132639",265.862592303242,-1.12336555575093,0.287545317974524,-3.906742643782,9.35486979918073e-05,0.00131900767923928,0.459021757673205,"SNAP25"
"ENSG00000260641",52.1260932789661,-1.12256342350539,0.243186494803899,-4.61605988609935,3.91094133946811e-06,0.000117787830330491,0.459277042760841,"AC114811.2"
"ENSG00000259964",9.54501422593748,-1.1199391953714,0.292618773827355,-3.82729782072069,0.000129557722651861,0.00169940028946171,0.460113217091663,"THSD4-AS1"
"ENSG00000170927",62.3447238760405,-1.11928874531657,0.248773399873843,-4.49923000563638,6.8200037222385e-06,0.000181848132036409,0.460320709413618,"PKHD1"
"ENSG00000163395",40.1768811382849,-1.11663419717183,0.251601773328773,-4.43810145850088,9.0755840073905e-06,0.000230132806497057,0.461168475797898,"IGFN1"
"ENSG00000228146",94.7728284963141,-1.11590303154194,0.196214271577556,-5.68716547766945,1.29165285044323e-08,1.2677684076484e-06,0.461402257705346,"CASP16P"
"ENSG00000152931",277.373471808536,-1.11520579656394,0.271189414422825,-4.11227628090663,3.9177705334006e-05,0.000683688540400419,0.461625301061308,"PART1"
"ENSG00000175121",4.75763601497268,-1.11516222746266,0.438397919595556,-2.54372153155164,0.0109678483671486,0.0464735532505288,0.461639242263452,"WFDC5"
"ENSG00000261634",11.352364444796,-1.11375867502257,0.271567633195912,-4.10122024453146,4.10977158055313e-05,0.000707721342207457,0.462088575037514,"AC026992.2"
"ENSG00000160183",2712.09433306219,-1.11269470346486,0.22988578988615,-4.84020653915112,1.297042568245e-06,4.96385820529527e-05,0.462429485919225,"TMPRSS3"
"ENSG00000233101",190.448457943105,-1.11156700712405,0.319251963979515,-3.48178596387703,0.000498081639414519,0.00465783039470555,0.462791089645174,"HOXB-AS3"
"ENSG00000239405",17.492793476901,-1.10852227117485,0.286239551048452,-3.87270825123398,0.000107632640140832,0.00147378403406307,0.463768818525646,"TMED10P2"
"ENSG00000188365",12.7185271422593,-1.10724247192497,0.188807776828535,-5.8643901777971,4.50786335880973e-09,5.70269758574757e-07,0.464180405385362,"AC092171.1"
"ENSG00000229436",5.30283378902018,-1.10539938459381,0.332030442353686,-3.32921095053181,0.000870924125541975,0.00705005803864782,0.464773789096292,"AC073850.1"
"ENSG00000188817",22.4686915167886,-1.10484899499247,0.279813062863747,-3.94852543224711,7.86340631757474e-05,0.00115819938717655,0.464951134588375,"SNTN"
"ENSG00000108244",4143.80250303023,-1.10481510326448,0.228367638485573,-4.83787944119883,1.31231696039093e-06,5.00548902932359e-05,0.464962057328128,"KRT23"
"ENSG00000265787",98.6866893188126,-1.10480208038994,0.248563316497544,-4.44475112400932,8.79936708430533e-06,0.000224882590209558,0.464966254452049,"CYP4F35P"
"ENSG00000166159",104.413533579832,-1.10215847998197,0.336846156113258,-3.27199363857782,0.00106791978895138,0.00821818232991275,0.46581904164208,"LRTM2"
"ENSG00000101188",28.7364785767581,-1.10026699542354,0.2832555797499,-3.88436124151561,0.000102599267249694,0.00141507444854196,0.466430166890308,"NTSR1"
"ENSG00000262966",24.4490083508548,-1.09947026303957,0.22516376264278,-4.88298050332313,1.04494206517254e-06,4.18178835958594e-05,0.466687825398363,"AC005695.1"
"ENSG00000153086",70.9825482634648,-1.09837801580575,0.264121739806573,-4.15860510615346,3.20196893328454e-05,0.000583018847330727,0.467041282975376,"ACMSD"
"ENSG00000267690",55.5653833246382,-1.09818663062292,0.262065372282146,-4.19050644142556,2.78332512537536e-05,0.000525531479518427,0.46710324389426,"LDLRAD4-AS1"
"ENSG00000260792",14.1847641935765,-1.09690560175993,0.228573802712936,-4.79891216202726,1.59529734588947e-06,5.82155702936685e-05,0.467518188466129,"LINC02280"
"ENSG00000234715",20.4491265952737,-1.09613308892044,0.283051692731604,-3.872554438174,0.000107700610053261,0.00147382848048246,0.46776859517414,"AC005064.1"
"ENSG00000171234",52.6494185088374,-1.09489939442111,0.357997665388625,-3.058398141319,0.00222523713477543,0.0142494023610718,0.468168770081566,"UGT2B7"
"ENSG00000104760",21.973235506862,-1.09439641570017,0.314642757153783,-3.47821899858728,0.00050475735469753,0.00469711063498874,0.468332020093343,"FGL1"
"ENSG00000242808",38.1099599541889,-1.09406276632082,0.189381807199635,-5.77702147053402,7.60345865546398e-09,8.50169197130822e-07,0.468440342887575,"SOX2-OT"
"ENSG00000164403",3599.63105530708,-1.0936540078795,0.207990620863749,-5.2581890632267,1.45480911367107e-07,9.17658125412854e-06,0.468573084782009,"SHROOM1"
"ENSG00000172828",336.318210662265,-1.09342494270216,0.236420906118892,-4.6249080111058,3.74764685947319e-06,0.000114393655009469,0.468647488793375,"CES3"
"ENSG00000007038",252.742514787115,-1.09189548185718,0.299302965394367,-3.64812784403416,0.000264158193159609,0.00290727221674116,0.469144584881746,"PRSS21"
"ENSG00000275395",2769.33539749605,-1.08849997119771,0.208972138000106,-5.20882822760399,1.90036939831228e-07,1.13280920337615e-05,0.470250058652276,"FCGBP"
"ENSG00000173826",23.4401546990185,-1.08796391029923,0.324556278318542,-3.3521579552728,0.000801842558654292,0.00662509321593501,0.470424821509754,"KCNH6"
"ENSG00000099834",15.4007967557366,-1.08719982407592,0.237890335337453,-4.57017231294285,4.87323358597e-06,0.000140644362466569,0.470674035874022,"CDHR5"
"ENSG00000164404",161.827543722574,-1.08697231857126,0.19322422861718,-5.62544524747354,1.8503008973983e-08,1.71273177783158e-06,0.470748264574146,"GDF9"
"ENSG00000179292",29.8868161849178,-1.08540223556296,0.307306420868917,-3.53198684392586,0.000412449874620568,0.00402394862681446,0.471260858133188,"TMEM151A"
"ENSG00000237061",13.9887882391356,-1.08201461635298,0.331336838641098,-3.26560312698889,0.00109231223018552,0.00835226386620365,0.472368734772622,"AC100823.1"
"ENSG00000279114",14.8275722490214,-1.08177207662971,0.188436566914928,-5.74077576523718,9.42438147823109e-09,1.00136576310673e-06,0.472448154060733,"Z99129.3"
"ENSG00000163833",2.07636498774271,-1.08064675862878,0.330796649518755,-3.26680079801568,0.00108770187115761,0.00831980494058778,0.472816812577789,"FBXO40"
"ENSG00000279174",11.1035450090558,-1.08061523268924,0.220477955894086,-4.90123934752168,9.52339434089909e-07,3.87937768401813e-05,0.472827144738563,"AC104581.3"
"ENSG00000163380",21.0078071440895,-1.08038149928771,0.215378884988785,-5.01619041877741,5.27060933490355e-07,2.51608061142744e-05,0.472903754449298,"LMOD3"
"ENSG00000227471",539.766934504185,-1.08013872964322,0.269491305189378,-4.00806522824244,6.12182139245198e-05,0.000964705847249301,0.472983339069184,"AKR1B15"
"ENSG00000206634",6.84951743351174,-1.08002819109787,0.259994492431482,-4.15404257604611,3.26652354832434e-05,0.000591271921453843,0.473019580195538,"SNORA22"
"ENSG00000253972",15.9475944397833,-1.07916547143088,0.205792333458867,-5.24395371437186,1.57171643842571e-07,9.69906640091918e-06,0.473302526572059,"MAL2-AS1"
"ENSG00000156076",470.049789316864,-1.07733800053591,0.376223347288078,-2.86355966024347,0.00418909917066556,0.0228917631905989,0.473902441741464,"WIF1"
"ENSG00000265218",14.0373279666859,-1.07641730206168,0.204930692658651,-5.25259192801662,1.4997356806186e-07,9.38200032510058e-06,0.474204973113617,"AC103810.2"
"ENSG00000093134",30.2790132191887,-1.07527509597371,0.332915587222402,-3.22987308868593,0.00123845178994085,0.00917098722235551,0.474580557877672,"VNN3"
"ENSG00000159307",681.604453640935,-1.07435794951632,0.231065660010597,-4.6495786066482,3.32613899591066e-06,0.000104468291139147,0.474882352952545,"SCUBE1"
"ENSG00000277152",10.0479037939808,-1.07400110093731,0.23678551768296,-4.53575502187311,5.73977745588131e-06,0.000159390820058382,0.474999828959429,"AC110048.2"
"ENSG00000067798",761.681601614096,-1.07318376155141,0.204874734415966,-5.23824357654798,1.62112016771702e-07,9.92326003738825e-06,0.475269009938929,"NAV3"
"ENSG00000253973",14.9742093191781,-1.07293850354453,0.315561558731698,-3.40009254567278,0.000673630494128621,0.00581692832074434,0.475349812489198,"AC079296.1"
"ENSG00000253182",12.5971396930527,-1.07224265336108,0.329599156104494,-3.25317171935094,0.00114124507529765,0.00864801717457666,0.475579141645951,"AC084026.1"
"ENSG00000230628",10.6347362516876,-1.0665517500565,0.323824575204042,-3.29360966314698,0.000989097498103325,0.0077477602784007,0.477458832005733,"AL160408.3"
"ENSG00000224715",15.8406094011051,-1.06627168173371,0.350536886679688,-3.04182447625846,0.00235148970810178,0.0148696951244615,0.47755152940253,"Z82186.1"
"ENSG00000238269",3.3362586431508,-1.0654070524587,0.37048652527006,-2.87569717058424,0.00403136275272797,0.0222292173793605,0.477837819142098,"PAGE2B"
"ENSG00000235385",7.30765115981309,-1.06441108809728,0.310248875153725,-3.43082980581275,0.000601738004473772,0.00536919126170543,0.478167808318419,"LINC02154"
"ENSG00000182050",8.28203055575755,-1.06233449441837,0.307824630569677,-3.45110296226899,0.000558300536066967,0.00506698346224827,0.478856571493669,"MGAT4C"
"ENSG00000237442",235.867753963756,-1.06055752770104,0.386803129916888,-2.74185353135306,0.00610935771822605,0.0301508852626193,0.479446742260915,"HNRNPA1P57"
"ENSG00000237970",24.62574553265,-1.05995948806383,0.27755863587927,-3.81886690250517,0.000134066069656979,0.00174150511081277,0.479645528272182,"TMEM161BP1"
"ENSG00000158014",139.102552383361,-1.0595058398908,0.269767726140219,-3.92747440566738,8.58425526945431e-05,0.00124346104796911,0.479796374102458,"SLC30A2"
"ENSG00000152611",76.6847896822602,-1.05878282620609,0.266594161643443,-3.97151542884186,7.14168743977473e-05,0.00108199178104531,0.480036886666922,"CAPSL"
"ENSG00000226015",106.86596855144,-1.05858712603639,0.122120265909563,-8.66839846893502,4.38240713447055e-18,5.54398849216827e-15,0.480102007617273,"CCT8P1"
"ENSG00000187045",545.530610202432,-1.05619006379197,0.222882368087125,-4.7387780058901,2.15010896123525e-06,7.40697899489984e-05,0.480900368295332,"TMPRSS6"
"ENSG00000188833",251.32614075086,-1.0542991245504,0.22134113717654,-4.76323171552831,1.90516855164911e-06,6.70347977702141e-05,0.48153109728291,"ENTPD8"
"ENSG00000268670",18.3820361677107,-1.05413006881432,0.163902363667758,-6.43145129347321,1.2639128439787e-10,2.62595010145741e-08,0.481587526647086,"AC016586.1"
"ENSG00000169562",315.790312826335,-1.05287399010026,0.297988713250298,-3.53326801748994,0.000410456133300105,0.00401309429427939,0.482007002165426,"GJB1"
"ENSG00000270765",32.2562758255352,-1.05154668617928,0.258579795217728,-4.06662355538591,4.76992007635348e-05,0.000795720513250147,0.482450660842817,"GAS2L2"
"ENSG00000172000",55.258407384115,-1.05137855706753,0.243405794247914,-4.31944753129695,1.56420291392214e-05,0.000342156239701451,0.482506888060209,"ZNF556"
"ENSG00000169347",2745.62370920356,-1.04981002452465,0.311910781977734,-3.36573816996039,0.000763391323257176,0.00638149185825593,0.483031766363926,"GP2"
"ENSG00000148798",76.6056920833558,-1.04935955118109,0.331944085192824,-3.16125395206702,0.00157091473595677,0.0109192000770671,0.483182613842631,"INA"
"ENSG00000251191",24.4346533371727,-1.04913212873897,0.280508713413623,-3.74010531071087,0.000183943171996918,0.00219987918568373,0.483258787412566,"LINC00589"
"ENSG00000237111",12.3803476859762,-1.04770399447349,0.317691942852534,-3.29786139700688,0.00097424212122395,0.00766567634498637,0.483737405639555,"IGHJ3P"
"ENSG00000132026",135.170936273587,-1.04684003065118,0.346982804143981,-3.01697956829237,0.00255307019513563,0.0157849474378043,0.484027180519992,"RTBDN"
"ENSG00000226745",106.564431348736,-1.04543477052745,0.389468449826093,-2.68426048629679,0.00726904463786487,0.0344195083070952,0.484498877899727,"AL512599.1"
"ENSG00000110484",72584.3078003756,-1.0454093317415,0.377318030005034,-2.77063179760468,0.00559476528513885,0.028302126117743,0.484507421057886,"SCGB2A2"
"ENSG00000259347",2.60630529267907,-1.04408293192752,0.344359773937653,-3.03195381965999,0.00242976373489943,0.0152503169810901,0.484953077311522,"AC087482.1"
"ENSG00000036565",7.76036153730305,-1.04317774300583,0.27498680019697,-3.79355569888667,0.000148505299733635,0.00188811512017565,0.485257446483158,"SLC18A1"
"ENSG00000119283",25.1205504167099,-1.04285427203049,0.212406190294964,-4.90971694648962,9.12079466556375e-07,3.78461836627642e-05,0.485366259706575,"TRIM67"
"ENSG00000044524",467.730265464236,-1.04145910441556,0.203374836334144,-5.12088478195232,3.04105418620043e-07,1.648758211285e-05,0.485835863332291,"EPHA3"
"ENSG00000157330",8.20099623458853,-1.04098936290667,0.392499787824326,-2.65220363220321,0.00799682971397018,0.0370489947948759,0.485994077246427,"C1orf158"
"ENSG00000078898",1005.67271805843,-1.04082061542471,0.349185008822433,-2.98071391705704,0.00287577307739615,0.0172190977505621,0.486050925763184,"BPIFB2"
"ENSG00000160282",36.3231919444766,-1.04017643702924,0.221818128416479,-4.6893211319331,2.74112920746578e-06,8.9681398251729e-05,0.486268001034808,"FTCD"
"ENSG00000249001",31.2607936265521,-1.03932638638545,0.253038700149721,-4.10738114671982,4.00170578087798e-05,0.000694004892127742,0.48655459952948,"AC093895.1"
"ENSG00000008196",4264.68531004224,-1.03801620408152,0.300414424064748,-3.45528084183401,0.000549719895644494,0.0050171029032949,0.486996664385232,"TFAP2B"
"ENSG00000183273",23.3912273021706,-1.03724731573974,0.405510079968698,-2.55788294046799,0.0105311535910153,0.0450930610043266,0.487256279789651,"CCDC60"
"ENSG00000130055",61.1813215532763,-1.03707507737906,0.264149606640303,-3.92608980406799,8.633793210364e-05,0.00124751698610195,0.487314455100713,"GDPD2"
"ENSG00000151655",59.3503339867103,-1.03685722835041,0.233881599527458,-4.43325695756018,9.28201303971114e-06,0.000233547755720732,0.487388045841181,"ITIH2"
"ENSG00000225431",81.9147167335803,-1.0354867563489,0.25531023584709,-4.0557980486496,4.99634156586128e-05,0.000826829170030722,0.487851254633645,"LINC01671"
"ENSG00000249035",11.2012380302348,-1.03370131406829,0.227424160715337,-4.54525724451133,5.48682013967174e-06,0.00015311321250057,0.488455380548479,"CLMAT3"
"ENSG00000269929",14.2164073980956,-1.03357772255131,0.209460191222134,-4.93448285576704,8.03634038793384e-07,3.43331157549046e-05,0.48849722690245,"AL158152.1"
"ENSG00000214076",52.1195035789997,-1.02924538606985,0.224915903980521,-4.57613431444576,4.73646513861396e-06,0.00013756893835635,0.48996636285982,"CPSF1P1"
"ENSG00000142319",11.7023626676205,-1.02903899103933,0.263645303446182,-3.90311899202632,9.49609868123514e-05,0.00133150038836457,0.490036463507281,"SLC6A3"
"ENSG00000230498",26.7608580081689,-1.02849123018843,0.210048675061681,-4.89644235978356,9.75872548846937e-07,3.96814175174886e-05,0.490222555332858,"AL035409.1"
"ENSG00000207175",5.46112006588653,-1.02695667896849,0.315668502968059,-3.2532757285335,0.00114082739728932,0.0086477299146721,0.490744267701173,"RNU1-67P"
"ENSG00000206549",51.7088336011055,-1.02693749614276,0.250162980370471,-4.1050737987769,4.04185826823582e-05,0.000698309215675249,0.490750792936295,"PRSS50"
"ENSG00000200795",8.95616448574468,-1.02503065696331,0.272223414584261,-3.76540224700633,0.000166281169679481,0.00205447016536704,0.491399857019048,"RNU4-1"
"ENSG00000230552",31.1382415686458,-1.02399875004711,0.230636503667902,-4.43988151815544,9.00084173439571e-06,0.000228747954390541,0.491751463067058,"AC092162.2"
"ENSG00000105668",120.193217858957,-1.0239878600864,0.323496898502215,-3.16537149143454,0.00154885062510805,0.0108087274239459,0.491755174991039,"UPK1A"
"ENSG00000185304",30.4367068201606,-1.02287601560019,0.235442042886892,-4.34449176136138,1.3959848219711e-05,0.000313490832160788,0.492134302944604,"RGPD2"
"ENSG00000160339",66.7642231409597,-1.02193446505124,0.288620149839101,-3.54075924921024,0.000398977453869257,0.00392438529295099,0.492455590914645,"FCN2"
"ENSG00000228484",7.90972526514904,-1.02155640794689,0.242524080353049,-4.21218547230354,2.52911741062948e-05,0.00049165579245844,0.492584655426033,"AL137025.1"
"ENSG00000104381",1952.08381686819,-1.02136251152937,0.179869839920312,-5.67834225005072,1.36006380078563e-08,1.31931193759626e-06,0.492650862639501,"GDAP1"
"ENSG00000151650",60.330832207664,-1.02001182570256,0.140944175416058,-7.23699168618749,4.58746257292157e-13,2.23424581606559e-10,0.493112310211983,"VENTX"
"ENSG00000124493",544.720277076728,-1.01950635835123,0.243945474471273,-4.17923866208587,2.92486614925614e-05,0.000545273445674134,0.493285108922586,"GRM4"
"ENSG00000256056",8.88931524143464,-1.01852876806048,0.326610218338032,-3.11848408553566,0.00181783958937259,0.0121998306188044,0.493619479069725,"AC087257.2"
"ENSG00000214725",32.5917608847496,-1.0183907932135,0.217885333581029,-4.67397587747583,2.95424045963803e-06,9.54018006343793e-05,0.493666689552216,"CDIPTOSP"
"ENSG00000123843",69.8610652132684,-1.01812685494957,0.27528744654124,-3.69841366811852,0.000216951114177945,0.00249630814600606,0.493757013179092,"C4BPB"
"ENSG00000240869",5.32998678999955,-1.01804585040845,0.287659868160212,-3.53906110337729,0.000401552893508026,0.00394467684990132,0.493784737460406,"RN7SL128P"
"ENSG00000227579",7.63523573511125,-1.01772666515731,0.338077539119095,-3.01033504860787,0.00260959649503614,0.0160170139591558,0.493893995645347,"AL122019.1"
"ENSG00000232821",9.92299313544305,-1.01717479824601,0.219563757317561,-4.63270810571364,3.60913238521096e-06,0.000111359828649917,0.494082958582097,"AC003986.2"
"ENSG00000158477",112.977204015984,-1.01700312490091,0.285855020638003,-3.55775848411214,0.000374032971659279,0.00374049398228082,0.494141755430134,"CD1A"
"ENSG00000034971",11.3606287019876,-1.01670597010994,0.3275681060378,-3.1038002521302,0.00191052269616864,0.0126761399517646,0.494243545281096,"MYOC"
"ENSG00000237149",110.462743175953,-1.01575060790729,0.18703727572261,-5.43073889406798,5.61211964139276e-08,4.34672028415491e-06,0.494570945018449,"ZNF503-AS2"
"ENSG00000129167",223.115774425865,-1.01566626102697,0.255819762203397,-3.97024159618846,7.17997891235921e-05,0.00108535701503927,0.494599860856238,"TPH1"
"ENSG00000278897",35.3874849317006,-1.01524776681548,0.218547900003032,-4.64542448955763,3.39377893404519e-06,0.000106153489158163,0.494743354246753,"AC020951.1"
"ENSG00000168539",238.514090051768,-1.01464063787578,0.250658358941792,-4.04790265985664,5.16786285645742e-05,0.000847819921501383,0.494951600765513,"CHRM1"
"ENSG00000115461",91017.9600232644,-1.01445725996612,0.198976794540675,-5.0983696983758,3.42591231347354e-07,1.79749883156926e-05,0.495014517013202,"IGFBP5"
"ENSG00000234350",21.2304728626709,-1.01415619706865,0.175160655849987,-5.78986298120052,7.04438659236106e-09,8.00478726734051e-07,0.495117827866538,"AC007405.1"
"ENSG00000080854",173.398586227385,-1.01344991534039,0.187742641629744,-5.39808062005997,6.73576009224702e-08,4.99609097917123e-06,0.495360275699583,"IGSF9B"
"ENSG00000144834",13.9639694591117,-1.01249936290812,0.334910990374958,-3.02318942049215,0.00250125627232344,0.0155404313190043,0.495686762625785,"TAGLN3"
"ENSG00000147724",176.77593726194,-1.01236871109215,0.295423960405419,-3.42683345556279,0.000610663478297777,0.00541699184430023,0.495731654516596,"FAM135B"
"ENSG00000099957",20.6008087222145,-1.01169826773743,0.208069572016829,-4.86230763071692,1.16025116862834e-06,4.53056985679268e-05,0.495962082446633,"P2RX6"
"ENSG00000164756",3404.94773549313,-1.00758846512195,0.401157779517886,-2.51170117237381,0.0120150782241173,0.0497265260344192,0.49737694298483,"SLC30A8"
"ENSG00000214650",11.4184562900554,-1.00756398674889,0.200886474332731,-5.01558897927617,5.28712485577433e-07,2.51679032734007e-05,0.497385382108348,"AC073592.1"
"ENSG00000188523",18.6900485250492,-1.00642379218254,0.25735925968701,-3.91057929451039,9.20750260921181e-05,0.00130293578208721,0.49777863241793,"CFAP77"
"ENSG00000245148",16.4573339925748,-1.00634480066442,0.213281702901345,-4.71838318512447,2.37726407751832e-06,8.00779294514343e-05,0.497805887912139,"ARAP1-AS2"
"ENSG00000272692",25.8585380321572,-1.00572041980191,0.188482625323104,-5.33587866827441,9.50829701234382e-08,6.68251331074324e-06,0.498021378871912,"AC010997.4"
"ENSG00000223949",17.4052711662065,-1.0048388776018,0.221780660669544,-4.53077772682365,5.87669432625959e-06,0.000162007513926461,0.498325782095089,"ROR1-AS1"
"ENSG00000205056",19.730253516477,-1.00323809200771,0.269353025453552,-3.72462158284058,0.000195608421544234,0.00231026938121564,0.49887902130179,"LINC02397"
"ENSG00000250328",15.274596055097,-1.00280539976324,0.330322162100273,-3.03584050609001,0.00239866210985007,0.0151050704931958,0.499028667242912,"AC022101.1"
"ENSG00000265460",12.9396777788913,-1.00183037087052,0.39473134296113,-2.53800563024753,0.0111486190854548,0.0469685856049753,0.499366044036064,"AC015910.1"
"ENSG00000243284",21.0311242065318,-1.00153517088679,0.163553644158289,-6.1235882333352,9.14911528106794e-10,1.57829169746362e-07,0.499468233290559,"VSIG8"
"ENSG00000235091",12.7931750156915,-1.00035320416071,0.240526072956641,-4.15902189672819,3.19613262789314e-05,0.000582699247956402,0.499877603749207,"BX324167.1"
